index,Number of Comments,Number of Subscribers,Membership Duration,Number of Uploads,Profanity in UserID,Age,class
0,10,1,3,3,0,15,0
1,3,0,6,5,0,31,0
2,7,0,3,5,0,43,1
3,34,0,3,5,0,44,1
4,11,173,5,5,0,21,0
5,12,1,3,3,0,27,0
6,1,0,3,5,0,23,0
7,19,1,6,5,0,56,0
8,8,0,3,5,0,20,0
9,6,0,2,3,0,15,0
10,20,76,6,5,1,26,0
11,8,7,4,1,0,15,0
12,16,25,2,3,0,22,0
13,22,1,2,2,0,33,0
14,24,171,4,34,0,18,0
15,20,0,3,5,0,14,0
16,6,0,3,5,0,82,0
17,7,5,4,3,0,20,0
18,5,10,3,1,0,21,0
19,9,0,4,5,0,21,0
20,17,4,4,11,0,32,0
21,36,2,2,5,0,22,1
22,18,0,5,5,0,23,0
23,6,1,5,5,0,21,1
24,13,4,2,5,0,18,0
25,35,1,7,5,0,62,1
26,5,0,3,4,0,18,0
27,30,28,5,18,0,31,0
28,24,0,3,5,0,21,0
29,7,1,4,1,0,18,0
30,17,15,3,5,0,24,0
31,14,0,2,4,0,20,0
32,2,108,4,5,0,21,0
33,23,0,2,8,0,20,0
34,31,5,4,5,0,32,0
35,27,4,4,3,0,17,0
36,4,1,2,3,0,21,0
37,32,0,3,5,0,19,1
38,25,0,3,5,0,15,0
39,28,7,2,5,0,30,0
40,14,6,4,1,0,25,0
41,5,1,4,5,0,19,0
42,9,3,4,5,1,20,0
43,21,4,5,5,0,22,1
44,8,3,4,3,0,17,0
45,21,3,3,1,0,28,0
46,8,0,4,5,0,49,0
47,2,8,4,1,0,19,0
48,37,0,3,5,0,16,0
49,24,0,5,5,0,28,0
50,29,0,3,2,0,20,0
51,28,324,5,159,0,22,0
52,20,0,4,3,0,20,0
53,7,2,4,2,0,19,0
54,20,2,4,4,0,26,0
55,15,7,3,11,0,14,0
56,10,0,2,5,0,13,0
57,30,64,3,6,0,16,0
58,17,4,3,3,0,21,0
59,25,15,5,5,0,22,0
60,4,17,3,23,0,50,0
61,19,0,2,5,0,21,1
62,40,34,5,5,1,25,1
63,18,0,3,5,0,91,1
64,21,406,2,191,0,18,0
65,14,37,2,5,0,14,0
66,11,44,2,83,0,22,0
67,25,1,5,5,0,23,0
68,22,0,3,5,0,20,0
69,5,0,3,5,0,21,0
70,21,8,5,16,0,21,0
71,34,0,3,2,1,27,1
72,21,0,3,5,0,17,0
73,30,3,3,5,0,23,0
74,6,55,4,4,0,20,0
75,9,119,7,2,0,24,0
76,11,5,4,6,0,23,0
77,7,0,5,5,0,19,0
78,24,7,2,5,0,17,1
79,7,8,2,3,0,19,0
80,11,2,3,3,0,16,0
81,6,0,3,5,0,35,0
82,2,0,2,5,0,15,0
83,11,2,3,5,0,14,0
84,1,10,3,24,0,14,0
85,1,208,4,19,0,34,0
86,8,3,3,6,0,19,1
87,16,1,4,3,0,29,0
88,15,11,3,14,0,21,0
89,31,4,4,5,0,26,0
90,18,8,4,13,0,23,0
91,25,4,3,5,0,48,0
92,10,0,5,1,0,30,0
93,6,0,3,1,0,34,0
94,27,2,2,5,0,20,1
95,9,2,3,5,0,17,0
96,1,0,8,5,0,30,0
97,27,6,3,22,0,13,0
98,10,0,3,5,0,22,0
99,30,0,3,111,0,40,0
100,23,1,5,5,0,22,0
101,40,0,3,5,1,21,0
102,2,0,3,5,0,23,0
103,2,0,4,5,0,30,0
104,18,0,5,5,0,26,0
105,11,21,4,8,0,29,0
106,20,0,3,5,0,14,0
107,36,2,4,10,0,22,1
108,17,3,2,5,0,13,0
109,1,0,4,5,0,17,0
110,2,17,4,7,0,20,0
111,12,3,4,2,0,19,0
112,7,2,3,5,0,42,0
113,36,4,5,3,0,21,1
114,29,4,4,3,0,15,0
115,24,5,3,5,0,21,0
116,10,0,3,5,0,21,0
117,13,0,3,5,0,39,0
118,22,1,2,1,0,22,0
119,35,1,5,5,0,24,1
120,21,1,2,5,0,44,0
121,4,0,4,5,0,65,0
122,28,2,4,3,0,20,1
123,15,6,4,5,0,23,1
124,15,0,5,5,0,27,0
125,36,4,3,1,1,23,0
126,1,2,7,18,0,26,1
127,25,0,3,5,0,26,0
128,1,1,3,5,0,21,0
129,5,2,3,4,0,40,0
130,13,1,5,5,0,35,0
131,36,0,2,5,0,27,1
132,30,4,4,5,0,21,0
133,2,111,3,148,0,44,0
134,4,2,4,1,1,23,0
135,5,4,3,3,0,17,1
136,32,19,3,6,0,31,0
137,16,0,4,1,0,24,0
138,27,3,4,5,0,23,0
139,2,23,3,33,0,20,0
140,17,2,3,5,0,21,0
141,16,0,2,5,0,21,0
142,8,104,3,20,0,17,0
143,9,2,3,5,0,19,0
144,1,5,4,11,0,16,0
145,1,5,5,3,0,20,0
146,27,0,3,5,0,21,0
147,29,2,3,5,1,18,0
148,12,460,4,115,0,22,0
149,11,1,3,2,1,14,0
150,5,8,4,22,0,29,0
151,3,0,3,1,0,15,0
152,9,5,3,29,0,31,0
153,29,202,3,8,0,18,0
154,26,0,3,5,0,20,0
155,37,18,4,20,0,16,1
156,10,0,3,2,0,21,0
157,16,0,3,5,0,24,0
158,34,0,3,5,0,22,1
159,26,0,2,5,1,110,1
160,15,11,3,5,0,15,0
161,26,0,2,5,0,15,1
162,16,0,5,9,0,22,0
163,37,1,2,5,0,22,1
164,33,19,4,23,0,42,0
165,2,1,3,6,0,27,0
166,1,1198,7,272,0,32,0
167,22,11,4,30,0,20,0
168,18,0,2,5,0,32,0
169,27,152,8,46,0,27,0
170,12,4,4,8,0,109,0
171,19,175,3,29,0,21,0
172,5,0,3,5,0,18,0
173,1,7,3,5,0,24,1
174,3,12,8,5,0,53,0
175,30,1,3,3,0,29,1
176,10,0,3,5,0,14,0
177,41,0,3,5,0,22,1
178,1,8,4,2,0,20,0
179,3,1,4,5,0,20,0
180,21,14,4,4,0,23,0
181,15,0,2,5,0,42,0
182,10,1,5,5,0,21,0
183,5,1,7,5,0,23,0
184,13,4,5,8,0,17,0
185,8,0,4,5,0,41,0
186,5,15,4,12,0,26,1
187,18,8,3,3,0,32,0
188,19,468,2,118,0,17,0
189,17,0,2,5,0,22,0
190,20,0,3,5,1,20,1
191,27,1,5,2,0,22,0
192,31,2,4,1,0,26,0
193,13,6,3,13,1,30,0
194,12,1,2,6,1,21,0
195,15,36,2,5,0,17,0
196,9,62,3,7,1,25,0
197,1,183,4,56,0,16,0
198,22,0,3,5,0,27,1
199,29,1,2,1,0,21,0
200,27,1,4,5,0,69,0
201,21,5,3,12,0,23,0
202,1,0,2,5,0,45,0
203,9,2,4,5,1,16,0
204,4,12,6,24,0,34,1
205,9,2,4,5,0,21,0
206,4,1,5,3,0,17,0
207,2,14,3,5,1,16,0
208,1,2,5,5,0,19,0
209,26,1,2,4,0,18,0
210,10,0,2,5,0,17,0
211,5,2,2,2,0,14,0
212,11,2,2,12,1,89,0
213,8,5,5,5,0,21,0
214,30,3,4,16,1,19,0
215,1,0,3,5,0,23,0
216,2,0,2,5,0,14,0
217,13,18,5,5,0,18,0
218,6,4,3,5,0,24,0
219,21,15,3,113,0,18,0
220,3,0,5,5,0,21,0
221,1,0,3,5,0,22,1
222,11,16,3,21,0,44,1
223,13,4,8,6,0,25,0
224,33,0,2,5,0,18,1
225,42,32,8,3,0,29,1
226,31,2,4,7,0,17,0
227,8,6,3,27,0,20,0
228,1,0,4,2,0,25,0
229,37,1,3,5,0,28,1
230,29,0,2,5,0,13,0
231,30,2,3,1,0,20,0
232,19,5,3,5,0,18,1
233,17,23,3,10,0,21,0
234,4,1,4,5,0,43,0
235,10,8,3,5,0,14,0
236,10,3,3,2,0,30,0
237,11,9,8,5,0,24,0
238,15,5,3,3,0,28,0
239,10,2,7,4,0,31,0
240,8,0,3,5,0,20,0
241,9,1,3,5,0,27,0
242,28,19,3,5,0,16,0
243,15,1,4,5,0,18,0
244,17,0,2,5,0,31,1
245,1,7,4,8,0,20,0
246,5,0,7,5,0,38,0
247,20,1,3,5,0,16,0
248,20,0,4,5,0,21,0
249,16,1,7,5,0,25,0
250,4,0,3,2,0,110,0
251,38,2,3,5,0,22,0
252,11,5,3,7,0,14,1
253,1,1,6,5,0,19,0
254,8,35,3,5,0,15,0
255,15,85,3,8,0,17,1
256,15,1,4,1,0,30,0
257,40,0,6,5,0,30,1
258,2,18,3,7,0,17,1
259,8,21,4,74,0,16,0
260,3,3,2,5,0,23,0
261,3,2247,3,9,0,17,0
262,29,12,4,1,0,24,1
263,31,4,4,20,0,26,0
264,4,10,3,26,0,20,0
265,19,0,2,5,0,22,0
266,40,30,7,6,1,41,1
267,7,0,3,11,0,19,0
268,1,450,4,252,1,21,0
269,12,4,6,10,0,25,0
270,1,76,3,95,0,21,0
271,9,0,5,5,0,19,0
272,30,0,3,5,0,20,0
273,13,42,5,4,0,18,0
274,18,8,8,8,0,29,0
275,38,3,3,5,0,22,0
276,14,10,4,2,0,63,0
277,1,0,3,5,0,44,0
278,34,2,3,5,1,49,0
279,21,4,5,1,0,26,0
280,16,345,3,30,0,16,0
281,5,0,3,5,0,22,0
282,6,0,3,3,0,20,0
283,19,185,4,10,0,19,0
284,19,0,3,5,0,15,0
285,23,0,3,5,0,41,0
286,7,1,3,5,0,32,0
287,27,0,5,1,0,21,0
288,20,7,3,15,0,26,0
289,17,6,4,5,0,91,0
290,36,1,7,5,0,34,0
291,24,6,2,8,0,15,0
292,3,13,5,11,0,18,0
293,16,29,5,9,0,16,0
294,6,3,3,2,0,20,0
295,3,1,3,9,0,15,0
296,1,2,7,2,0,27,0
297,14,168,5,23,0,17,0
298,5,8,5,2,0,19,0
299,7,30,6,12,1,31,0
300,18,61,4,7,0,17,0
301,16,1,2,2,0,22,0
302,17,0,5,5,0,29,0
303,10,1,3,5,0,14,0
304,4,19,5,22,0,17,0
305,13,2,5,5,0,21,0
306,22,2,3,5,0,21,0
307,4,0,3,5,1,31,0
308,13,0,2,1,1,41,0
309,1,1,3,5,0,17,0
310,27,0,3,5,0,21,0
311,25,41,4,2,0,24,0
312,3,0,4,5,0,19,0
313,12,5,4,5,0,28,0
314,10,3,3,5,0,38,0
315,28,1,3,2,0,32,1
316,17,3,5,5,0,19,0
317,19,9,2,40,0,19,0
318,3,11,4,10,0,15,0
319,34,0,4,5,0,25,0
320,16,0,7,5,0,33,1
321,3,0,3,5,0,19,1
322,8,1,2,1,0,21,0
323,26,1,3,2,0,19,0
324,27,0,4,5,0,19,0
325,5,0,2,1,0,15,0
326,17,1,5,1,0,17,0
327,1,484,3,62,0,21,0
328,27,2,4,3,0,29,0
329,26,2,3,5,0,19,0
330,28,4,5,5,0,21,0
331,6,19,5,11,0,18,0
332,20,2,4,5,0,18,0
333,7,8,6,16,0,21,0
334,21,1,3,6,0,32,0
335,7,9,5,18,0,16,0
336,13,0,3,5,0,34,0
337,6,2,3,32,0,35,0
338,1,3,5,31,0,43,0
339,9,3,2,1,0,13,0
340,27,2,3,5,0,15,0
341,12,2,5,5,0,29,0
342,4,20,4,23,0,21,0
343,21,0,4,5,0,15,0
344,1,0,3,5,0,14,0
345,8,3,2,4,0,21,0
346,5,7,4,5,1,20,0
347,21,7,3,5,0,22,1
348,22,0,3,5,1,21,0
349,21,10,5,5,1,24,0
350,21,1,3,5,1,13,0
351,8,0,3,5,1,21,0
352,25,1,4,5,0,36,0
353,16,2,2,2,0,18,0
354,20,0,4,3,0,18,0
355,35,5,2,5,0,21,0
356,17,0,3,5,0,14,0
357,16,10,3,5,0,21,0
358,33,1,3,1,0,34,0
359,16,14,4,5,0,43,1
360,12,2,3,5,0,20,0
361,5,8,3,18,0,21,0
362,13,7,6,3,1,24,0
363,3,2,3,3,0,17,0
364,33,3,4,6,0,29,0
365,27,4,2,5,0,30,0
366,2,0,3,2,0,19,0
367,11,0,8,5,0,52,0
368,10,737,5,79,0,21,0
369,5,0,2,5,0,13,0
370,30,0,3,5,0,24,0
371,38,0,4,4,0,23,0
372,9,2,5,36,1,19,0
373,27,7,4,20,1,27,0
374,19,2,3,2,0,19,0
375,1,0,8,5,0,24,1
376,17,1,7,5,0,31,0
377,10,423,5,21,0,21,0
378,38,4,7,1,0,29,0
379,11,0,4,1,1,20,0
380,4,5,3,8,0,22,0
381,14,10,3,8,0,16,0
382,21,1,3,5,0,28,0
383,30,2,5,11,0,16,1
384,19,0,7,5,0,24,1
385,18,3,4,1,0,25,0
386,3,12,3,13,0,15,0
387,17,7,3,1,0,16,0
388,7,32,3,84,0,14,0
389,2,0,3,5,0,16,0
390,6,0,5,3,0,21,0
391,12,0,3,5,0,15,0
392,4,0,8,5,0,51,0
393,11,8,6,5,0,59,0
394,2,0,3,5,0,32,0
395,33,0,3,5,0,20,0
396,2,1,4,5,0,46,0
397,10,0,3,1,0,22,0
398,5,4,5,5,0,18,0
399,11,23,6,5,0,23,0
400,13,0,3,5,0,16,0
401,15,0,2,5,0,23,0
402,2,0,2,5,0,62,0
403,20,1,3,5,0,20,0
404,9,4701,7,30,0,23,0
405,11,0,3,5,0,21,0
406,32,2,3,5,0,57,0
407,13,1,3,5,0,21,0
408,22,0,3,5,0,30,0
409,27,3,2,14,0,23,0
410,33,3,3,2,0,22,1
411,2,2,2,5,0,21,0
412,8,0,3,4,0,18,0
413,6,3,2,1,0,19,1
414,26,3,3,5,0,17,0
415,32,10,3,4,0,42,0
416,30,1,3,5,0,15,1
417,9,0,3,5,0,27,0
418,16,7,7,9,0,30,0
419,30,2,5,3,0,32,1
420,34,2,3,5,0,22,0
421,3,647,3,5,0,14,0
422,6,0,5,5,0,24,0
423,41,0,2,1,0,31,0
424,22,6,3,5,1,52,0
425,16,7,3,2,0,22,0
426,43,2,4,1,0,19,1
427,3,1124,6,204,0,45,0
428,10,0,3,12,0,16,0
429,2,7,2,4,0,30,0
430,27,0,2,5,0,15,0
431,24,1,2,1,0,18,0
432,8,13,3,5,0,16,0
433,10,1,4,2,0,20,0
434,28,1,7,1,0,27,1
435,14,4,3,5,0,14,0
436,6,0,2,5,0,21,0
437,14,0,3,5,0,25,0
438,2,17,4,5,0,16,0
439,14,1,2,5,0,26,0
440,33,5,5,5,0,29,0
441,2,1,6,5,0,18,0
442,34,0,3,5,0,19,0
443,6,0,2,5,0,15,0
444,5,0,5,5,0,26,0
445,25,9,4,5,0,21,0
446,13,0,4,5,0,24,0
447,6,13,5,38,0,20,0
448,7,4,2,5,1,15,0
449,2,0,3,5,0,16,0
450,6,0,3,5,0,15,0
451,33,0,3,5,0,16,0
452,11,0,3,5,0,36,1
453,25,3,3,25,0,112,0
454,13,0,3,5,0,21,0
455,10,2,5,2,0,21,0
456,25,1,5,9,0,24,0
457,12,1,2,5,0,19,0
458,32,0,4,5,0,15,0
459,13,0,6,1,0,40,0
460,4,7,2,13,0,14,0
461,13,7,4,5,0,19,0
462,39,3,3,1,0,21,1
463,30,0,3,5,0,24,0
464,11,0,4,5,0,27,0
465,22,0,3,1,0,17,1
466,9,7,4,5,0,21,1
467,10,25,3,16,0,14,0
468,22,39,4,19,0,16,0
469,3,0,3,5,0,22,0
470,18,1,4,5,0,22,0
471,22,37,6,22,0,22,0
472,2,0,6,5,0,27,0
473,31,1,8,2,0,32,0
474,13,25,5,3,0,31,0
475,7,1,2,5,0,21,0
476,5,7,3,12,0,16,0
477,18,2,3,3,0,14,0
478,13,0,2,5,1,20,0
479,3,11,3,2,0,25,1
480,5,0,2,5,0,14,1
481,15,0,2,4,0,40,0
482,11,2,3,5,0,18,0
483,4,0,5,5,0,40,1
484,7,4,6,4,0,53,0
485,16,6,5,29,0,18,0
486,3,1,3,5,0,18,0
487,17,8,2,22,0,25,0
488,16,5,4,1,0,17,0
489,14,0,2,5,0,24,0
490,15,11,6,8,0,24,0
491,1,22,5,5,0,24,0
492,9,0,3,5,1,16,0
493,44,20,3,23,0,22,0
494,37,4,8,2,0,29,0
495,2,2,3,1,0,50,0
496,12,29,4,9,0,18,0
497,4,118,6,5,1,18,0
498,10,25,2,6,0,16,0
499,24,1,3,5,0,20,0
500,15,4,3,8,0,28,0
501,1,0,4,5,0,22,0
502,16,0,3,5,0,22,0
503,26,0,3,1,0,20,0
504,22,0,3,1,1,15,1
505,2,13,4,4,0,17,0
506,16,0,3,5,0,24,0
507,1,0,6,1,0,24,0
508,5,7,8,11,0,23,0
509,11,32,4,5,0,65,0
510,6,49,4,5,0,22,0
511,8,22,2,22,0,15,1
512,16,6,5,2,0,23,0
513,39,1,3,5,0,21,0
514,19,0,4,5,1,22,1
515,3,1,4,5,0,38,0
516,8,3,5,22,0,30,0
517,22,10,5,1,0,22,0
518,21,1,3,5,0,17,0
519,17,1,3,1,0,14,0
520,12,8,2,2,0,15,0
521,13,0,4,2,0,20,0
522,5,1,3,4,0,22,0
523,12,300,3,13,0,26,0
524,27,4,3,7,0,35,0
525,17,2,2,1,0,23,0
526,31,6,3,5,0,15,1
527,18,2,3,5,0,16,0
528,11,11,4,1,0,20,0
529,9,1,3,2,0,17,0
530,10,0,5,5,0,32,1
531,30,0,2,1,0,18,1
532,30,0,3,5,0,21,1
533,16,66,3,93,0,21,0
534,3,1,2,5,1,14,0
535,4,0,4,3,1,32,0
536,4,0,2,5,0,16,0
537,8,5,8,24,0,26,0
538,6,0,3,5,1,22,1
539,20,4,4,1,1,22,1
540,13,0,2,5,0,20,0
541,23,5,2,2,0,15,1
542,6,0,7,5,0,27,0
543,10,0,2,2,0,15,0
544,5,23,3,28,1,16,0
545,14,1,2,5,1,22,1
546,16,14,3,27,0,21,0
547,21,4,3,1,0,42,0
548,20,2,4,5,0,19,0
549,18,1,3,1,0,22,0
550,7,1,3,5,0,19,1
551,6,2,6,1,0,51,0
552,22,6,3,19,0,21,0
553,9,0,3,1,0,15,1
554,4,0,3,5,0,41,0
555,22,2,4,22,0,22,0
556,27,22,8,9,0,30,0
557,29,0,4,5,0,33,0
558,5,1,3,5,0,23,0
559,36,3,4,5,0,21,0
560,5,7,3,12,0,19,0
561,33,7,7,3,0,35,0
562,3,0,5,2,0,17,0
563,13,0,3,5,0,15,0
564,13,0,3,5,0,19,1
565,27,1,3,1,0,22,0
566,11,16,4,5,0,16,0
567,15,8,3,2,0,20,0
568,24,1128,7,224,0,21,1
569,16,1,3,5,0,18,0
570,35,1,3,5,0,14,0
571,2,126,3,10,0,21,0
572,27,0,2,5,0,20,0
573,3,7,5,5,0,17,0
574,22,0,2,5,0,51,0
575,15,5,3,1,0,19,0
576,21,22,2,4,0,23,0
577,29,29,5,10,0,20,0
578,24,49,4,106,0,15,0
579,12,0,2,1,0,23,0
580,14,4,3,5,0,13,0
581,1,0,3,5,1,19,0
582,2,53,5,56,0,20,0
583,1,11,6,16,0,17,0
584,16,6,3,4,0,18,0
585,9,1,8,5,0,24,1
586,16,1,5,5,0,27,0
587,15,0,3,6,0,13,0
588,4,4,2,5,0,17,0
589,13,4,2,20,1,19,0
590,2,0,6,5,1,28,0
591,13,0,5,5,0,43,1
592,44,1,3,5,0,21,1
593,3,0,3,5,0,22,0
594,15,1,2,4,1,19,0
595,18,6,2,3,1,20,0
596,16,32,4,31,0,18,0
597,4,0,2,5,0,14,0
598,6,0,3,5,1,17,0
599,24,7,5,5,1,23,0
600,27,13,2,5,1,33,0
601,21,0,4,5,0,43,0
602,29,3,4,5,0,34,0
603,7,0,3,1,0,32,0
604,41,3,5,5,1,29,0
605,17,2,8,4,0,30,0
606,2,1,3,5,0,22,0
607,18,0,4,5,1,19,0
608,7,1,3,5,0,35,0
609,8,0,2,5,0,16,0
610,21,6,4,14,0,21,0
611,3,7,4,5,0,20,0
612,11,3,4,5,0,26,0
613,20,18,3,7,0,17,0
614,14,0,3,5,0,21,0
615,27,0,5,5,0,27,0
616,2,0,3,5,0,20,0
617,40,2,5,27,0,31,1
618,17,0,3,5,0,35,0
619,27,1,4,7,0,18,0
620,9,14,4,2,0,110,1
621,17,3,5,5,0,18,0
622,2,37,3,6,0,37,1
623,11,4,8,1,0,26,0
624,5,24,3,6,0,28,0
625,2,0,4,5,0,20,0
626,31,2,4,18,0,21,1
627,2,6,2,5,1,26,0
628,8,4,3,10,0,16,0
629,8,12,3,8,0,22,0
630,12,84,3,51,0,28,0
631,40,10,3,5,0,19,1
632,36,9,3,5,1,36,1
633,21,7,3,32,0,18,0
634,18,22,4,32,0,21,0
635,27,4,2,2,0,35,0
636,16,460,3,48,0,23,0
637,5,1,8,5,0,28,0
638,42,2,3,2,0,21,0
639,28,10,3,5,0,15,0
640,10,0,3,5,0,14,0
641,17,0,2,1,0,14,0
642,5,1,3,5,0,20,0
643,1,0,3,5,0,20,1
644,4,0,2,5,0,14,0
645,39,12,8,13,0,25,0
646,35,10,7,5,0,19,0
647,11,1,5,5,0,20,0
648,34,0,3,5,0,13,0
649,6,3,3,25,0,22,0
650,26,2,4,3,0,30,0
651,40,36,3,6,0,30,0
652,15,0,2,5,0,14,0
653,2,1,5,5,1,32,0
654,17,3,2,6,0,19,0
655,44,0,3,5,0,41,1
656,2,3,3,5,0,21,0
657,9,25,6,3,0,50,0
658,28,2,6,5,0,23,0
659,13,4,4,12,0,23,0
660,15,1,3,3,1,17,0
661,27,4,5,2,0,19,0
662,3,7,2,5,0,14,0
663,37,3,6,5,1,22,0
664,36,25,4,5,1,27,1
665,17,0,3,5,0,21,1
666,9,13,5,1,0,18,1
667,1,8,2,1,0,16,0
668,14,2,3,5,0,35,1
669,8,2,7,8,0,28,0
670,25,6,4,5,0,29,1
671,5,8,3,2,0,21,0
672,15,4,3,3,0,18,0
673,25,2,2,1,0,23,0
674,1,0,3,5,0,41,0
675,23,3,4,5,0,22,1
676,9,0,6,5,1,22,0
677,12,3,3,6,0,21,0
678,35,6,4,29,0,21,0
679,7,5,4,12,0,17,0
680,1,281,8,69,1,19,0
681,1,2,2,10,1,14,0
682,23,2,5,13,0,21,0
683,6,0,3,5,1,24,0
684,1,0,2,5,0,17,0
685,17,13,2,6,0,14,0
686,26,1,3,5,0,32,0
687,12,1,3,1,0,14,1
688,34,3,4,5,0,48,0
689,11,19,3,10,0,16,0
690,20,3,3,2,0,21,0
691,10,1,4,5,0,29,0
692,5,0,4,5,0,27,0
693,13,19,5,13,0,16,0
694,14,16,2,5,0,18,0
695,8,0,7,5,0,28,0
696,29,0,2,2,0,18,0
697,24,17,3,3,1,14,0
698,6,21,2,4,0,14,0
699,31,2,3,1,0,15,1
700,23,2,4,5,0,21,0
701,4,16,3,13,0,15,0
702,5,1,2,11,1,32,0
703,3,2,3,3,0,15,0
704,2,1,3,5,0,31,1
705,9,3,2,7,0,61,0
706,23,1,3,5,0,18,0
707,7,7,3,5,0,18,0
708,4,1,2,5,0,30,0
709,2,0,5,1,0,16,0
710,22,1,3,5,0,27,1
711,22,0,2,5,0,21,0
712,5,0,2,1,0,19,0
713,3,19,6,5,0,21,0
714,9,0,7,5,0,35,0
715,20,0,3,5,0,14,0
716,1,7,3,1,0,19,0
717,17,10,3,37,0,51,1
718,17,0,3,5,0,18,0
719,1,11,5,7,1,21,1
720,4,0,4,5,0,110,0
721,3,9,2,19,0,18,0
722,15,22,7,5,0,26,0
723,9,51,6,15,0,37,0
724,5,0,2,5,1,15,0
725,29,0,3,5,1,20,1
726,4,629,3,12,0,21,0
727,10,3,3,5,0,25,0
728,3,30,5,5,0,21,0
729,32,16,6,5,1,31,1
730,10,1,2,5,0,14,0
731,23,10,2,4,0,23,0
732,15,1,3,5,0,18,0
733,4,0,6,5,0,22,0
734,31,2,8,1,0,23,0
735,10,1,2,2,0,15,0
736,16,1,2,5,0,21,1
737,1,1,4,5,0,32,0
738,21,8,3,9,0,19,0
739,36,1,3,5,0,26,1
740,16,3,3,5,0,19,0
741,16,2,3,1,0,19,0
742,31,6,3,9,0,19,0
743,24,11,7,3,0,23,0
744,11,2,3,4,0,20,0
745,15,6,4,4,0,22,0
746,31,80,6,17,0,20,0
747,13,2,3,5,0,19,1
748,10,27,4,5,0,21,0
749,8,0,3,5,1,25,0
750,17,935,3,5,1,15,0
751,17,2,8,19,0,29,0
752,6,0,2,3,0,13,0
753,2,3,7,2,0,20,0
754,1,1,3,19,0,24,0
755,4,1,7,5,0,26,0
756,4,4,6,2,0,27,0
757,15,0,3,1,0,22,0
758,1,0,3,5,0,15,0
759,16,10,4,11,0,24,0
760,11,1,5,3,0,29,0
761,3,0,3,5,0,28,0
762,14,32,3,18,0,21,0
763,18,3,2,4,0,15,1
764,2,0,2,5,0,41,0
765,9,0,2,5,0,19,1
766,19,0,3,4,0,21,1
767,22,85,5,5,0,17,0
768,23,7,4,5,0,21,1
769,12,0,2,5,0,28,0
770,27,2,3,5,0,17,0
771,14,2,3,5,0,15,0
772,2,8,3,12,1,19,0
773,2,0,3,5,0,16,0
774,28,2,3,5,0,19,0
775,13,11200,3,201,0,18,0
776,29,0,3,5,1,43,0
777,24,1,3,5,0,21,0
778,21,0,3,1,0,17,0
779,12,2144,3,236,0,15,0
780,31,0,4,5,0,21,0
781,30,4,4,1,0,20,1
782,18,2,3,5,0,16,0
783,29,1,2,5,0,16,0
784,6,1,3,1,0,25,0
785,5,0,3,5,0,32,0
786,33,4,5,5,0,22,0
787,4,0,6,5,0,43,0
788,7,0,3,5,0,14,0
789,1,2,5,5,0,17,0
790,22,8,5,5,0,17,0
791,23,12,3,5,0,40,0
792,1,2,3,5,0,32,0
793,2,24,3,18,1,21,0
794,2,0,2,5,0,43,1
795,23,5,3,5,0,28,1
796,29,4,3,5,0,18,0
797,16,3,4,3,0,21,0
798,14,2,4,5,0,31,0
799,11,6,4,3,0,14,0
800,13,0,5,5,0,41,0
801,18,0,2,5,0,15,0
802,2,3,8,5,0,24,0
803,11,14,3,19,0,26,0
804,35,1,5,3,1,30,0
805,16,0,3,5,0,20,0
806,8,1,3,1,0,14,0
807,26,1,3,8,0,27,0
808,10,1,4,4,0,22,0
809,10,1,3,5,0,22,0
810,31,1,4,4,0,21,0
811,12,7,3,5,0,19,0
812,20,30,4,23,0,18,0
813,5,6,2,36,0,13,0
814,20,0,3,5,0,87,0
815,31,0,3,5,0,19,1
816,9,193,4,14,0,19,0
817,12,1,4,5,0,20,0
818,10,9,3,8,0,21,0
819,22,50,4,6,0,111,0
820,7,48,5,32,0,20,0
821,1,13,3,5,0,26,0
822,19,9,3,3,0,15,0
823,34,10,6,11,0,22,0
824,15,6,4,3,0,42,0
825,18,1,3,1,0,15,0
826,31,2,3,5,0,18,0
827,26,1,3,5,0,18,1
828,11,9,4,12,0,38,0
829,35,24,4,11,0,21,0
830,27,1,4,5,0,19,0
831,20,3,4,9,0,44,0
832,31,0,4,5,0,21,1
833,22,0,4,6,0,30,0
834,10,21,3,27,0,20,0
835,7,91,4,137,0,29,0
836,22,7,4,3,0,21,0
837,33,0,3,5,0,43,0
838,11,0,2,5,0,13,0
839,18,0,3,5,1,27,1
840,11,1,3,5,0,24,0
841,4,1,4,5,0,20,0
842,38,235,3,26,1,16,1
843,19,26,3,39,1,48,0
844,21,1,3,5,0,13,0
845,6,1,5,5,0,22,1
846,30,10,4,12,0,15,0
847,27,2,3,5,0,16,0
848,10,0,2,5,0,19,0
849,38,17,5,5,0,21,0
850,2,0,5,5,0,18,0
851,22,4,5,5,0,47,1
852,8,5,4,5,0,17,0
853,12,0,3,5,0,16,0
854,33,0,3,5,0,19,0
855,30,0,3,5,0,26,0
856,38,1,4,2,0,18,0
857,9,22,4,8,1,19,0
858,15,0,5,1,0,19,0
859,31,1,5,5,0,31,1
860,13,1,3,5,0,23,0
861,11,3,4,2,0,21,1
862,4,1,2,3,0,25,1
863,10,6,6,7,0,36,0
864,24,0,3,5,0,21,0
865,7,1,4,10,0,21,0
866,21,3,8,3,0,54,1
867,17,6,4,6,0,21,0
868,17,0,3,5,0,22,1
869,23,0,3,5,0,32,0
870,6,1,4,3,0,29,0
871,2,15,3,4,0,14,0
872,11,49,3,5,1,15,0
873,24,7,5,3,0,24,0
874,15,13,4,5,0,17,0
875,21,43,8,5,0,38,0
876,13,0,4,5,0,32,1
877,20,22,7,18,1,32,1
878,2,97,6,14,0,41,0
879,18,0,2,1,0,23,0
880,12,0,3,5,0,21,0
881,24,9,4,1,0,22,0
882,42,1,3,4,0,30,0
883,15,58,5,212,0,17,0
884,32,0,3,5,1,21,1
885,22,3,4,1,0,50,0
886,21,59,6,7,0,21,0
887,19,18,5,2,1,19,0
888,31,2,4,5,0,39,1
889,18,0,4,5,0,56,0
890,9,10,3,51,0,16,0
891,2,2,4,5,0,21,0
892,18,0,4,6,0,22,0
893,8,4,4,2,0,21,0
894,3,2,4,5,0,18,0
895,39,3,2,1,0,14,1
896,16,35,2,2,0,15,0
897,5,8,3,5,1,16,0
898,7,0,2,5,0,14,0
899,24,0,4,5,0,14,0
900,21,25,2,7,0,21,0
901,5,1,8,5,0,33,0
902,1,10,2,5,0,44,0
903,36,1,5,5,0,25,1
904,10,3,4,5,0,19,0
905,7,8,3,17,0,22,0
906,21,69,7,3,0,23,0
907,12,7,3,5,1,22,0
908,33,49,5,75,0,21,0
909,11,0,4,5,0,22,0
910,1,0,3,7,0,42,0
911,9,2,3,2,0,20,0
912,5,5,4,5,0,24,0
913,25,3,5,3,0,21,1
914,3,2,2,5,0,23,0
915,29,10,3,5,0,22,1
916,3,0,2,5,0,17,0
917,23,493,6,4,0,23,0
918,18,0,2,5,0,15,0
919,24,2,5,5,0,22,0
920,9,5,4,5,0,14,0
921,14,0,3,5,0,13,0
922,6,10,6,8,0,19,0
923,28,3,6,5,0,22,0
924,8,0,2,5,0,15,0
925,6,2,4,5,0,28,0
926,9,0,2,5,0,28,0
927,9,71,4,32,0,21,0
928,1,8,3,3,0,16,0
929,1,0,2,5,0,16,0
930,17,0,3,5,0,36,0
931,28,5,6,11,0,32,0
932,5,1,5,32,0,31,0
933,19,0,3,1,0,21,0
934,6,2,3,5,0,20,0
935,1,6,4,12,0,19,0
936,35,4,7,5,1,110,0
937,43,6,5,7,0,29,0
938,27,1,4,5,0,19,0
939,8,143,3,5,0,13,0
940,30,3,6,2,0,22,1
941,9,4,4,18,0,27,0
942,27,3,4,5,0,31,1
943,13,101,7,15,0,18,0
944,16,3,5,3,0,31,1
945,3,1,2,5,0,30,0
946,5,0,6,3,0,39,1
947,17,0,2,1,0,15,0
948,40,5,2,1,1,18,0
949,16,0,4,5,0,27,0
950,6,5,2,3,0,18,0
951,23,0,2,3,0,20,0
952,14,1,3,1,0,18,0
953,7,18,4,15,0,25,0
954,3,10,3,2,1,18,0
955,11,1,3,2,0,16,0
956,10,4,3,5,0,14,0
957,22,9,5,2,0,41,0
958,3,16,4,40,0,17,0
959,20,4,2,15,0,18,1
960,44,0,5,5,0,23,0
961,4,6,2,6,0,16,0
962,31,12,5,18,0,32,0
963,33,0,2,5,1,16,0
964,12,9,4,1,1,21,0
965,8,0,3,5,1,29,0
966,4,12,2,3,0,17,0
967,26,4,5,5,0,22,0
968,1,0,7,5,0,29,0
969,9,1,5,5,0,17,0
970,1,2352,8,169,0,30,0
971,18,13,6,13,0,18,0
972,15,0,8,1,0,21,0
973,9,0,4,5,0,23,0
974,32,0,7,5,1,25,1
975,29,0,5,5,0,22,0
976,14,510,4,21,0,21,0
977,9,0,2,6,0,15,0
978,16,5,4,8,0,15,0
979,19,0,2,5,0,14,0
980,34,17,5,20,1,41,0
981,36,0,5,5,0,30,1
982,21,0,4,5,0,22,0
983,11,53,7,35,0,29,0
984,16,0,3,5,0,28,0
985,15,18,3,5,0,15,0
986,5,2,2,8,0,13,0
987,25,1,7,5,0,23,0
988,14,62,4,1,0,22,0
989,6,0,3,5,0,22,1
990,19,8,6,1,1,18,0
991,20,0,3,5,1,22,0
992,19,0,6,5,0,35,0
993,7,7,3,6,0,61,1
994,12,0,3,5,0,21,1
995,13,0,4,3,0,30,0
996,19,3,2,5,0,62,1
997,1,7,5,1,0,54,0
998,6,9,4,5,0,21,0
999,11,5,5,5,0,22,0
1000,24,5,4,5,0,21,0
1001,11,0,3,5,0,20,0
1002,11,6,3,15,0,15,0
1003,24,3,3,8,0,19,0
1004,4,15,5,17,0,19,0
1005,14,3,4,5,0,23,0
1006,7,161,2,12,0,19,0
1007,7,23,4,83,0,42,1
1008,10,0,3,5,0,22,0
1009,8,1,3,5,0,21,0
1010,30,0,4,5,1,30,1
1011,30,1,2,2,0,34,1
1012,30,3,4,1,0,21,0
1013,3,0,4,7,0,15,0
1014,8,25,3,36,0,17,0
1015,17,18,4,5,0,15,0
1016,6,30,3,5,0,49,0
1017,28,1,3,5,1,21,1
1018,17,0,2,5,1,50,1
1019,2,1,3,5,1,23,0
1020,16,22,6,2,1,22,0
1021,2,3,5,1,1,33,0
1022,13,3,2,15,1,15,0
1023,32,2,3,1,0,23,1
1024,17,2,4,5,1,54,0
1025,32,2,5,5,0,47,0
1026,22,0,4,5,0,27,0
1027,4,4,6,5,1,31,0
1028,39,1,4,1,0,20,0
1029,8,10,3,1,0,29,0
1030,9,6,3,5,0,76,0
1031,6,17,5,5,0,16,1
1032,7,3,4,6,0,17,0
1033,12,8,6,4,0,39,1
1034,6,0,8,5,0,42,0
1035,4,0,2,5,0,25,1
1036,2,2,4,5,0,15,0
1037,39,0,3,5,1,18,0
1038,7,0,3,5,0,44,0
1039,33,22,4,5,0,23,0
1040,17,0,7,5,0,55,1
1041,1,0,2,5,0,19,1
1042,24,2,3,5,0,31,0
1043,20,56,4,17,1,16,0
1044,3,0,3,1,0,60,0
1045,19,2,5,2,0,37,0
1046,13,2,6,2,0,21,0
1047,1,0,4,5,0,17,0
1048,18,816,3,72,0,14,0
1049,32,16,5,4,0,25,0
1050,16,1,3,1,0,26,0
1051,6,12,4,5,0,22,0
1052,35,0,2,5,0,14,0
1053,11,0,3,5,0,19,1
1054,45,5,3,15,1,19,0
1055,22,2,4,2,0,17,0
1056,17,2,3,1,0,21,0
1057,23,0,4,5,0,21,0
1058,41,3,5,5,0,26,1
1059,10,1,4,1,1,21,1
1060,13,11,3,56,1,14,0
1061,45,2,2,5,1,16,1
1062,13,2,3,6,1,32,0
1063,5,1,3,5,0,37,0
1064,22,439,3,15,0,16,0
1065,10,0,3,5,0,23,0
1066,16,1,8,5,0,37,0
1067,4,2,4,5,0,19,0
1068,19,0,2,5,0,24,0
1069,9,24,2,5,0,16,0
1070,6,0,5,5,0,28,0
1071,7,1,3,5,0,25,0
1072,22,0,3,5,0,14,0
1073,7,1,3,5,0,16,0
1074,27,1,4,5,0,29,0
1075,11,17,7,1,0,20,0
1076,13,0,6,1,1,29,0
1077,14,0,4,5,0,27,0
1078,13,0,3,2,0,27,0
1079,11,155,5,158,0,65,0
1080,11,18,5,5,0,26,0
1081,7,11,2,16,0,18,0
1082,12,3,3,11,1,22,0
1083,13,0,3,5,0,17,0
1084,1,2,3,12,1,23,0
1085,11,5,3,5,0,20,0
1086,12,21,5,4,0,14,0
1087,24,38,5,42,0,26,0
1088,4,0,3,5,0,26,0
1089,3,0,5,5,0,31,0
1090,10,1,3,5,0,29,0
1091,6,1,3,5,0,22,0
1092,28,3,3,14,0,27,0
1093,3,6,6,1,0,18,0
1094,29,1,3,4,0,17,0
1095,13,1,4,5,0,14,0
1096,7,1336,4,30,0,20,0
1097,2,1,3,1,0,21,0
1098,14,5,3,5,0,20,1
1099,5,6,4,2,0,20,0
1100,35,8,5,3,0,16,0
1101,11,3,4,5,0,16,0
1102,13,5,5,5,0,21,0
1103,18,9,6,2,0,17,1
1104,18,19,4,5,1,15,0
1105,11,4,5,5,0,31,0
1106,14,0,3,5,0,28,0
1107,32,1,3,17,0,17,0
1108,13,1,2,2,0,24,0
1109,27,0,3,5,0,14,1
1110,22,15,3,3,0,22,1
1111,4,1,2,5,0,27,0
1112,23,0,3,5,1,19,0
1113,15,5,3,30,0,15,0
1114,7,0,2,5,0,21,0
1115,1,114,3,1,0,15,0
1116,19,0,3,5,0,110,0
1117,17,2,3,5,0,21,0
1118,15,5,4,10,0,21,0
1119,23,8,4,52,0,31,0
1120,25,20,4,32,0,19,0
1121,3,1,4,2,0,21,0
1122,2,1,2,5,0,18,0
1123,29,4,3,27,0,28,0
1124,12,71,5,52,0,17,0
1125,22,3,5,5,0,21,0
1126,8,1,5,5,0,21,0
1127,25,15,6,8,0,21,0
1128,1,2,3,5,0,30,0
1129,2,0,2,2,0,31,0
1130,16,10,2,7,0,18,0
1131,2,1,4,5,0,15,0
1132,6,0,3,5,1,20,0
1133,36,0,9,5,1,23,0
1134,3,2,4,11,0,21,0
1135,29,0,3,5,0,110,0
1136,4,1,5,5,0,17,0
1137,9,0,2,5,0,18,0
1138,34,6,4,5,0,20,1
1139,27,2,3,5,0,28,1
1140,4,0,4,1,1,17,1
1141,2,0,3,5,1,54,0
1142,1,0,3,3,0,33,1
1143,3,11,3,3,0,19,0
1144,9,2,3,5,0,23,0
1145,20,28,3,14,0,21,0
1146,12,9,2,13,0,14,0
1147,30,17,3,5,0,19,0
1148,14,15,4,11,0,20,0
1149,1,2,4,2,0,22,0
1150,18,0,3,5,0,21,0
1151,1,3,4,2,1,21,0
1152,30,60,2,2,0,16,1
1153,4,1,5,5,0,24,0
1154,23,7,3,15,0,15,0
1155,19,22,5,6,0,17,0
1156,3,0,3,5,0,15,0
1157,23,1,3,5,0,20,1
1158,1,2,3,5,0,23,0
1159,20,16,5,7,0,24,0
1160,19,10,7,2,0,42,0
1161,4,2,3,1,0,14,0
1162,6,1,3,5,0,23,0
1163,19,2,5,2,1,31,0
1164,39,1,2,5,0,17,0
1165,28,1,5,8,0,38,0
1166,31,8,3,8,0,16,0
1167,18,1,2,5,0,27,0
1168,8,0,3,5,0,21,0
1169,15,0,3,5,0,18,0
1170,28,2,2,5,0,17,1
1171,2,0,2,5,0,15,0
1172,9,8,3,5,0,21,0
1173,12,5,3,2,0,21,0
1174,10,4,5,5,1,24,0
1175,16,1,5,1,0,27,0
1176,23,0,5,5,0,27,0
1177,15,0,3,1,0,22,0
1178,2,0,4,5,0,25,0
1179,3,558,3,1,0,31,1
1180,9,0,4,5,0,21,0
1181,3,1,4,1,0,17,0
1182,2,0,2,5,0,22,0
1183,6,1,3,5,0,16,1
1184,28,0,2,5,0,14,1
1185,32,26,3,33,0,14,0
1186,24,47,8,24,0,25,0
1187,17,80,3,5,0,27,0
1188,4,0,3,5,1,16,1
1189,23,3,3,1,1,17,0
1190,16,8,8,1,1,24,0
1191,23,0,4,1,1,17,0
1192,8,2,6,4,1,20,0
1193,18,7,3,6,1,21,0
1194,38,86,4,5,0,16,0
1195,5,3,3,5,1,93,0
1196,20,3,4,5,1,29,1
1197,33,5,5,8,0,18,1
1198,20,16,6,1,1,20,0
1199,18,1,2,5,1,22,0
1200,9,36,5,3,1,23,0
1201,38,3,4,5,0,28,0
1202,19,3,3,6,1,21,0
1203,24,168,3,17,1,19,0
1204,13,3,3,5,0,16,0
1205,21,0,3,5,0,21,0
1206,21,5,4,4,0,32,1
1207,7,2,4,5,0,17,0
1208,38,0,2,5,0,18,0
1209,12,46,5,3,0,16,0
1210,1,12,3,7,1,21,0
1211,10,1,3,5,0,15,0
1212,9,0,3,5,0,21,0
1213,5,6,4,3,0,16,0
1214,9,1,4,4,0,20,0
1215,12,0,6,5,0,23,0
1216,21,14,4,5,0,24,0
1217,20,0,3,5,1,23,0
1218,8,2,5,5,0,22,0
1219,38,0,2,5,0,28,0
1220,6,1,5,5,0,32,0
1221,32,1,3,4,0,20,0
1222,29,23,3,2,0,31,0
1223,30,1,3,5,1,15,0
1224,33,0,6,5,0,21,1
1225,21,1,2,5,0,21,0
1226,6,2,4,1,0,19,0
1227,26,8,5,6,0,16,0
1228,5,178,4,1,0,22,0
1229,15,3,3,7,1,26,0
1230,1,0,2,5,0,13,0
1231,21,4,3,2,0,18,0
1232,8,2984,3,33,0,21,0
1233,6,16,5,14,0,17,0
1234,3,1,5,5,0,30,1
1235,25,36,3,36,0,44,0
1236,32,8,3,5,1,34,0
1237,4,3,3,7,0,18,0
1238,26,26,5,13,0,29,0
1239,21,2,4,8,0,22,0
1240,26,4,3,5,0,19,0
1241,4,0,2,5,0,18,0
1242,19,0,2,5,0,22,0
1243,17,0,3,5,0,20,0
1244,14,10,4,2,0,46,1
1245,5,0,3,5,0,16,0
1246,12,4,3,5,0,19,0
1247,8,0,3,5,0,29,0
1248,21,12,5,3,0,32,0
1249,5,1,2,5,0,47,0
1250,24,0,2,5,1,31,0
1251,8,0,2,5,1,28,0
1252,26,0,4,5,0,35,0
1253,8,1,3,5,0,24,0
1254,20,0,3,2,0,18,0
1255,23,15,2,54,0,44,0
1256,21,3,3,4,0,18,0
1257,19,71,4,28,0,21,0
1258,38,1,2,1,0,32,0
1259,5,122,3,7,0,16,0
1260,20,1,3,5,1,28,0
1261,1,3,4,5,0,21,0
1262,23,10,4,21,0,16,0
1263,25,3,3,1,0,15,0
1264,6,1,2,5,0,37,0
1265,1,28,3,11,0,22,0
1266,24,11,2,5,0,21,0
1267,9,1,2,2,0,19,0
1268,1,0,3,1,0,38,0
1269,13,9,3,5,0,16,0
1270,37,2,5,5,0,21,0
1271,36,6,4,7,0,20,0
1272,2,0,2,5,0,21,0
1273,40,0,4,5,0,24,0
1274,8,4,3,2,0,15,0
1275,14,1,4,4,0,21,1
1276,3,0,3,5,0,22,0
1277,16,15,3,1,0,17,0
1278,19,8,3,8,0,21,0
1279,20,8,3,5,0,17,0
1280,22,0,3,5,0,29,0
1281,20,6,4,5,0,19,0
1282,11,35,4,17,0,21,0
1283,22,0,3,5,0,18,0
1284,10,166,3,71,1,24,0
1285,25,1,2,5,0,19,0
1286,24,3,3,1,0,26,0
1287,22,0,4,5,0,16,1
1288,14,4,4,5,0,16,0
1289,2,1,3,5,0,22,0
1290,11,9,5,16,0,39,0
1291,25,0,3,5,0,14,0
1292,3,2,2,5,0,21,0
1293,5,2,4,3,0,28,0
1294,14,0,3,2,0,22,0
1295,1,5,7,17,0,29,0
1296,16,62,3,49,0,23,0
1297,16,9,3,5,0,23,0
1298,13,25,6,19,0,33,0
1299,1,8,6,1,0,110,0
1300,30,1,3,5,0,14,0
1301,12,8,3,5,0,16,0
1302,29,2,4,5,0,19,1
1303,2,5,3,5,0,14,0
1304,34,0,2,5,0,21,0
1305,15,2,2,5,0,14,1
1306,18,12,5,12,0,25,0
1307,13,0,2,2,0,43,0
1308,2,56,4,60,0,19,0
1309,26,25,6,1,0,32,0
1310,18,66,2,7,0,20,0
1311,20,1,3,5,0,17,0
1312,12,4,6,5,0,42,0
1313,9,235,5,131,0,23,1
1314,23,3,2,5,0,17,0
1315,4,0,3,5,0,16,0
1316,2,3,2,5,0,18,0
1317,35,7,4,19,0,21,1
1318,7,12,3,19,0,32,0
1319,10,0,3,5,0,19,0
1320,21,2,7,1,0,28,0
1321,16,0,8,1,0,29,0
1322,35,0,4,5,0,18,0
1323,16,2,4,1,0,22,0
1324,6,2,3,6,0,20,0
1325,15,4,4,5,0,15,0
1326,29,1,5,5,0,22,0
1327,31,0,6,6,0,27,0
1328,27,2,3,5,1,22,0
1329,23,7,3,4,0,15,0
1330,5,6,4,5,0,21,0
1331,14,1,2,12,0,15,0
1332,12,1,7,3,0,38,0
1333,2,3,3,5,1,22,0
1334,42,2,4,5,1,15,0
1335,3,1,3,1,1,14,0
1336,10,0,3,5,0,20,1
1337,1,0,2,5,0,16,0
1338,29,0,7,5,0,35,1
1339,6,0,3,5,0,30,0
1340,22,23,5,5,0,20,0
1341,40,0,3,5,0,24,0
1342,4,8,5,42,0,28,0
1343,26,0,5,5,0,38,0
1344,3,9,3,5,0,20,0
1345,18,1,3,6,0,39,1
1346,25,1,6,5,0,42,1
1347,10,0,2,2,0,20,0
1348,1,66,5,116,0,16,0
1349,16,0,3,5,1,21,0
1350,3,6,5,6,1,22,0
1351,21,22,3,18,0,20,0
1352,28,3,2,5,0,18,0
1353,9,6,4,5,0,40,0
1354,4,0,5,5,0,25,0
1355,26,5,5,2,0,36,1
1356,3,1,3,5,0,19,0
1357,26,0,3,5,0,21,1
1358,16,3,4,5,1,34,0
1359,3,0,2,5,0,18,0
1360,12,3,4,1,0,28,0
1361,18,0,5,5,0,26,0
1362,18,2,3,1,0,18,0
1363,18,5,2,4,0,21,0
1364,14,3,2,5,0,14,0
1365,36,10,3,1,1,24,0
1366,13,2,4,5,0,19,0
1367,1,4,2,2,0,16,0
1368,21,16,4,12,0,16,0
1369,10,3,3,4,0,18,0
1370,6,0,4,2,0,44,0
1371,21,0,3,1,0,19,0
1372,29,2,5,5,0,31,1
1373,34,4,3,5,0,21,0
1374,14,297,4,84,0,22,0
1375,12,0,4,5,0,34,0
1376,34,2,3,2,0,24,0
1377,33,0,2,5,0,21,0
1378,1,114,6,12,0,19,0
1379,14,2,3,5,0,21,0
1380,15,0,3,1,0,16,0
1381,21,1,4,3,0,15,0
1382,24,0,3,5,0,26,0
1383,19,0,6,3,0,25,0
1384,30,3,2,5,0,16,0
1385,14,1,3,4,0,20,0
1386,16,4,5,1,0,110,0
1387,8,11,7,17,0,25,0
1388,4,7,4,5,0,21,0
1389,15,0,7,5,0,27,0
1390,4,1,4,5,0,21,0
1391,6,0,3,5,0,17,1
1392,27,14,7,8,0,17,0
1393,1,3,6,2,0,22,0
1394,35,3,6,4,0,19,0
1395,3,2,3,32,0,56,0
1396,18,1,2,25,1,15,0
1397,1,0,8,5,0,41,0
1398,18,22,4,10,0,21,0
1399,18,15,4,2,1,21,0
1400,23,17,3,7,1,16,0
1401,1,0,4,5,0,32,0
1402,17,4,3,29,0,37,0
1403,5,0,5,5,0,90,0
1404,26,1,3,5,0,14,1
1405,3,7,5,5,0,110,0
1406,2,0,2,1,0,15,0
1407,4,7,3,33,1,35,0
1408,6,0,5,5,0,19,0
1409,11,0,8,5,0,33,0
1410,25,0,2,5,0,31,0
1411,11,0,3,5,0,26,0
1412,9,2,3,5,0,44,0
1413,11,2,4,9,0,21,0
1414,37,7,5,1,0,24,0
1415,6,0,5,5,0,25,0
1416,2,0,5,5,0,29,0
1417,2,1,3,5,0,17,0
1418,5,227,8,203,0,32,0
1419,5,0,2,5,0,15,0
1420,2,18,3,7,0,19,0
1421,38,7,3,5,0,14,1
1422,16,0,6,5,0,49,0
1423,25,0,7,1,0,35,1
1424,3,0,3,5,0,22,0
1425,20,1,3,5,0,28,0
1426,37,5,4,6,0,20,0
1427,3,165,3,41,0,22,0
1428,32,2,3,8,0,32,0
1429,21,2,5,5,0,18,0
1430,33,0,3,5,0,20,0
1431,24,2,3,5,0,32,0
1432,19,4,2,5,0,20,0
1433,38,2,3,13,0,22,0
1434,3,0,5,5,0,23,0
1435,20,3,3,6,0,14,0
1436,28,2,8,5,0,109,0
1437,29,0,4,5,1,21,0
1438,1,7,4,5,0,64,1
1439,25,101,4,8,0,24,0
1440,5,3,3,5,0,18,0
1441,10,63,3,12,0,19,0
1442,20,3,4,5,0,19,0
1443,13,4,5,5,0,16,0
1444,3,51,6,65,0,33,0
1445,14,1,3,5,0,21,1
1446,5,0,2,5,0,14,0
1447,23,574,4,48,0,23,0
1448,18,29,3,8,0,18,0
1449,25,7,5,5,0,26,0
1450,19,6,5,17,0,22,0
1451,23,0,3,5,0,20,1
1452,13,0,3,3,0,18,0
1453,13,5,2,1,0,18,0
1454,4,0,3,5,0,14,1
1455,8,4,2,1,0,16,0
1456,19,2,3,11,1,21,0
1457,12,0,3,5,0,21,0
1458,17,1,8,10,0,27,0
1459,33,0,3,1,0,14,0
1460,9,1,4,5,0,22,0
1461,1,14,3,26,0,19,0
1462,17,2,2,2,0,73,0
1463,13,0,3,3,0,20,0
1464,2,1,7,7,0,23,1
1465,3,1,5,5,0,20,0
1466,17,1,2,5,1,15,0
1467,20,0,2,5,0,24,0
1468,21,0,3,5,0,14,0
1469,24,4,5,3,0,18,0
1470,7,0,5,5,0,29,0
1471,11,1,3,5,0,21,1
1472,31,5,5,1,0,26,1
1473,3,3,3,5,0,111,0
1474,5,4,3,9,0,14,0
1475,14,0,3,5,0,22,0
1476,31,5,3,2,0,22,0
1477,17,0,3,5,0,22,0
1478,18,0,6,5,0,31,0
1479,25,0,3,5,0,21,0
1480,15,4,4,1,0,20,1
1481,16,2,3,5,0,31,0
1482,45,0,7,1,0,24,1
1483,14,0,3,5,0,17,0
1484,19,2,5,1,0,20,0
1485,16,37,6,9,0,21,0
1486,18,2,5,5,0,26,0
1487,23,10,5,8,0,20,0
1488,29,5,4,2,0,18,0
1489,37,1,6,5,0,26,0
1490,11,1,3,5,0,20,0
1491,3,10,5,3,0,22,0
1492,24,4,3,2,0,15,0
1493,22,6,2,1,0,15,0
1494,29,0,3,2,0,20,0
1495,5,0,2,1,0,20,1
1496,4,3,3,5,0,17,0
1497,5,1,3,2,0,19,0
1498,9,6,2,1,0,14,0
1499,4,0,3,5,0,40,0
1500,3,5,3,5,0,15,0
1501,10,3,3,5,0,22,0
1502,2,0,5,5,0,18,0
1503,5,0,2,5,0,31,0
1504,6,13,7,9,0,31,0
1505,6,85,3,2,0,41,0
1506,19,2,2,5,0,24,0
1507,12,2,3,5,0,16,0
1508,3,4,4,7,0,23,0
1509,20,2,5,1,0,17,0
1510,6,15,4,12,0,20,0
1511,21,3,5,3,1,31,0
1512,35,0,3,5,0,21,0
1513,20,2,4,1,0,35,1
1514,3,75,7,15,0,21,0
1515,10,7,4,2,0,26,0
1516,40,0,3,5,0,22,1
1517,2,38,3,19,0,18,0
1518,28,5,5,12,0,111,0
1519,29,2,5,5,0,21,0
1520,12,3,4,4,0,22,0
1521,14,0,3,5,0,17,0
1522,16,2,6,3,1,18,0
1523,20,10,5,15,1,21,0
1524,4,0,7,5,1,22,0
1525,29,3,7,15,1,30,0
1526,6,145,6,22,1,23,0
1527,17,0,6,5,1,22,0
1528,25,0,8,5,0,23,1
1529,19,2,4,5,1,21,0
1530,3,0,2,5,0,42,1
1531,13,2,3,2,0,14,0
1532,14,2,4,5,0,21,0
1533,6,9,3,2,0,21,0
1534,12,0,6,5,0,27,0
1535,9,0,3,5,0,19,0
1536,6,0,3,5,0,23,0
1537,28,26,3,78,0,17,0
1538,6,0,5,5,0,24,0
1539,24,20,3,26,0,18,0
1540,2,31,3,2,0,21,0
1541,23,12,3,22,0,15,0
1542,1,1,3,1,0,15,0
1543,36,2,4,1,0,28,0
1544,12,1,4,5,0,22,0
1545,3,1,8,5,0,27,0
1546,17,5,4,5,0,21,0
1547,4,11,4,5,0,17,0
1548,6,0,5,5,0,28,0
1549,26,0,2,5,0,21,0
1550,5,1,6,5,0,18,0
1551,1,12,9,2,0,30,0
1552,7,1,4,5,0,31,0
1553,17,32,4,5,1,37,1
1554,28,4,3,9,1,19,0
1555,3,4,3,5,0,20,0
1556,25,5,7,2,0,24,0
1557,10,3,6,41,0,24,0
1558,15,0,3,5,0,22,0
1559,20,0,2,5,0,15,0
1560,5,82,4,76,0,29,0
1561,45,2,4,5,0,25,0
1562,1,0,2,5,0,27,0
1563,8,430,4,11,0,15,0
1564,25,1,4,5,0,21,0
1565,5,22,4,52,0,15,0
1566,8,18,2,36,0,20,0
1567,6,0,2,1,0,15,0
1568,9,2,3,5,0,21,0
1569,2,0,5,5,0,21,1
1570,17,0,3,5,0,35,0
1571,1,0,5,5,0,32,0
1572,17,9,4,2,0,59,0
1573,23,1,4,1,0,22,0
1574,5,1,4,5,0,22,0
1575,19,7,5,13,0,22,0
1576,13,2,6,3,0,28,0
1577,14,1,6,95,0,41,0
1578,3,2,7,6,0,33,0
1579,7,0,3,5,0,19,1
1580,18,0,2,5,0,15,0
1581,27,1,5,1,0,21,0
1582,5,11,3,20,0,14,0
1583,5,6,3,5,0,21,0
1584,28,6,3,2,0,32,0
1585,1,21,3,6,1,19,0
1586,28,42,4,20,0,29,1
1587,11,1,3,5,0,17,0
1588,10,1,3,1,0,20,0
1589,7,0,3,5,0,18,0
1590,14,0,3,5,0,17,0
1591,39,6,5,5,0,24,1
1592,10,27,3,26,0,21,0
1593,36,102,8,110,0,30,0
1594,9,3,5,54,0,43,0
1595,1,0,3,5,0,18,0
1596,9,0,3,5,0,19,0
1597,11,0,6,5,0,29,0
1598,22,1102,3,61,0,29,0
1599,13,9,4,2,0,22,0
1600,3,1,2,5,0,14,0
1601,31,3,5,4,1,42,1
1602,8,1,7,3,0,41,0
1603,33,1,6,2,1,39,0
1604,11,580,5,78,0,31,0
1605,38,1,2,5,1,18,0
1606,33,48,5,3,0,17,0
1607,12,1,5,5,0,19,0
1608,15,0,3,5,0,21,0
1609,6,0,2,5,0,33,0
1610,13,0,3,5,0,20,0
1611,31,70,2,15,0,40,0
1612,3,1,2,5,1,22,0
1613,28,0,5,5,0,40,1
1614,16,21,3,35,0,110,0
1615,15,0,3,5,0,14,0
1616,13,0,2,6,1,14,1
1617,3,135,4,46,0,17,0
1618,17,469,3,2,0,15,0
1619,17,5,2,17,0,34,0
1620,1,2,4,5,0,17,0
1621,6,6,4,5,0,16,0
1622,1,0,5,5,0,31,0
1623,42,10,4,3,0,29,0
1624,4,2,3,22,0,22,0
1625,13,0,6,5,0,29,0
1626,8,3,3,3,1,20,0
1627,6,0,2,5,0,14,0
1628,7,0,3,5,1,19,0
1629,1,1,3,4,0,21,0
1630,2,0,5,5,0,22,0
1631,18,9,3,7,0,20,1
1632,8,0,3,3,0,19,0
1633,38,0,3,5,0,110,0
1634,22,0,3,5,0,19,0
1635,5,0,5,5,0,46,0
1636,22,22,3,4,0,17,0
1637,20,4,4,5,0,15,0
1638,31,3,4,5,0,21,0
1639,13,0,7,22,0,38,0
1640,26,0,3,5,1,15,0
1641,14,10,4,3,0,20,0
1642,32,6,4,5,0,24,1
1643,6,7,3,5,0,21,0
1644,4,0,2,5,0,16,0
1645,15,0,2,5,0,22,0
1646,14,0,3,5,0,16,1
1647,7,0,3,2,0,17,0
1648,11,37,3,8,0,15,0
1649,15,5,2,12,0,14,0
1650,2,0,3,5,0,14,0
1651,11,0,2,5,0,16,0
1652,17,3,3,1,0,22,1
1653,23,0,2,5,0,26,0
1654,4,1,5,7,0,19,0
1655,12,0,3,5,0,20,0
1656,1,1,3,22,0,22,0
1657,37,49,2,5,0,21,0
1658,8,4,3,1,0,17,0
1659,19,16,4,4,0,19,0
1660,6,0,2,5,0,23,0
1661,17,20,6,5,0,27,0
1662,37,5,5,5,0,23,0
1663,4,0,3,1,0,23,0
1664,1,12,4,5,0,15,0
1665,2,8,6,16,0,42,0
1666,30,2,4,5,0,20,0
1667,29,0,2,1,0,19,0
1668,3,114,3,11,0,18,0
1669,2,0,4,5,0,21,0
1670,27,1,2,5,0,20,0
1671,3,24,3,33,0,19,0
1672,12,0,3,5,0,55,0
1673,6,1191,2,17,1,39,0
1674,24,3,2,21,1,33,0
1675,2,2,2,5,0,24,0
1676,12,520,3,26,0,40,0
1677,27,0,2,5,0,21,0
1678,29,2,2,5,0,13,0
1679,29,11,3,5,0,19,0
1680,34,8,4,5,0,19,0
1681,6,0,3,2,0,15,0
1682,9,6,3,1,0,22,0
1683,32,0,5,1,0,59,1
1684,10,25,6,9,0,32,0
1685,4,8,6,5,0,23,0
1686,25,0,3,5,1,17,0
1687,15,296,6,29,0,23,0
1688,19,5,3,5,0,16,0
1689,2,0,3,1,0,17,0
1690,12,6,3,8,0,22,0
1691,9,5,3,1,0,22,0
1692,31,0,3,5,0,52,0
1693,6,4,2,1,0,14,0
1694,3,0,4,5,0,23,0
1695,10,1,3,5,0,40,0
1696,28,3,3,2,0,25,1
1697,15,9,6,5,0,26,1
1698,8,2,3,2,0,19,0
1699,4,0,5,5,0,20,0
1700,1,1,4,5,0,31,1
1701,9,1,3,5,0,21,0
1702,5,0,3,5,0,34,1
1703,26,0,2,2,1,21,0
1704,10,0,3,5,0,22,0
1705,2,0,4,5,0,17,0
1706,19,0,2,5,0,17,0
1707,17,11,2,6,0,13,0
1708,24,0,3,1,0,17,0
1709,3,7,4,1,0,18,0
1710,3,2,2,5,0,16,0
1711,21,6,3,25,0,29,0
1712,28,1,2,1,0,19,0
1713,31,11,6,8,0,19,1
1714,13,0,3,7,0,16,0
1715,28,11,3,30,0,17,0
1716,12,2,3,5,0,26,0
1717,24,5,7,5,0,20,0
1718,3,0,2,5,0,15,0
1719,25,11,3,5,0,20,0
1720,26,2,5,5,0,28,0
1721,2,2,3,5,0,31,0
1722,22,1,5,5,0,19,1
1723,13,2,3,5,0,22,0
1724,9,0,3,7,0,14,0
1725,23,0,4,5,0,21,0
1726,24,2,3,5,0,17,0
1727,32,1,5,5,0,46,1
1728,4,3,4,5,0,15,0
1729,8,2,3,3,0,14,0
1730,1,0,3,5,0,14,0
1731,1,0,4,5,0,17,1
1732,31,5,3,5,0,21,0
1733,33,0,4,5,0,20,0
1734,35,1,5,1,0,25,1
1735,21,21,3,25,0,17,0
1736,38,4,2,5,1,14,0
1737,38,7,3,1,0,19,0
1738,20,0,2,5,0,17,0
1739,7,0,2,5,0,23,0
1740,17,2,2,5,0,15,0
1741,23,21,3,9,1,18,0
1742,12,1,3,2,0,15,0
1743,3,0,2,3,0,19,0
1744,21,783,6,10,0,22,0
1745,26,92,3,6,0,16,0
1746,16,2,2,10,0,16,0
1747,10,2,3,4,0,26,1
1748,35,6,3,7,0,17,0
1749,12,6,5,5,1,18,0
1750,31,0,7,5,0,32,0
1751,33,5,3,5,1,27,1
1752,28,106,3,15,0,19,0
1753,31,0,2,6,0,14,0
1754,21,13,3,3,0,21,0
1755,5,6,5,1,0,26,0
1756,12,1,3,5,0,14,0
1757,3,0,3,5,0,14,0
1758,6,163,4,10,0,17,0
1759,6,13,6,4,0,18,0
1760,20,3,4,5,0,111,0
1761,22,2,4,5,0,15,0
1762,3,1,5,5,0,18,0
1763,7,0,5,5,0,22,0
1764,2,0,8,5,0,23,0
1765,8,55,3,2,0,22,0
1766,14,1,7,6,0,30,0
1767,26,0,3,3,0,35,0
1768,34,3,2,5,0,20,0
1769,13,23,3,5,0,20,0
1770,2,11,4,1,0,16,0
1771,6,2,3,5,0,42,0
1772,6,1,2,5,0,76,0
1773,14,1,3,5,0,25,0
1774,14,3,2,5,0,16,0
1775,22,0,3,3,0,24,0
1776,2,0,4,7,0,33,1
1777,21,4,2,1,0,15,0
1778,5,1,3,2,0,21,0
1779,26,3,6,5,0,111,0
1780,14,0,7,5,0,34,0
1781,29,0,2,1,1,14,0
1782,30,1,2,5,1,34,0
1783,19,0,3,5,0,29,0
1784,23,4,3,5,1,15,0
1785,28,2,5,3,0,23,0
1786,12,4,3,5,0,16,1
1787,5,0,3,5,0,19,0
1788,33,58,7,8,0,34,0
1789,7,3,3,5,0,16,0
1790,4,7,2,2,0,19,0
1791,12,3,7,3,0,33,0
1792,11,0,3,5,0,21,0
1793,17,0,3,5,0,35,0
1794,18,0,3,5,0,21,0
1795,2,2,6,5,0,27,0
1796,1,4,3,2,0,22,0
1797,4,10,6,15,0,15,0
1798,33,1,2,5,1,54,0
1799,29,2,3,5,0,22,0
1800,43,3,3,5,0,13,0
1801,5,2,4,2,1,16,0
1802,1,0,3,5,0,23,0
1803,7,0,2,5,0,16,0
1804,21,4,6,5,0,26,0
1805,16,4,4,1,0,27,0
1806,6,37,3,77,0,18,0
1807,20,0,5,5,0,18,1
1808,3,7,2,5,1,17,0
1809,25,1,2,21,0,20,1
1810,24,3,3,9,0,17,0
1811,15,0,3,2,0,23,0
1812,27,0,3,5,0,55,0
1813,7,3,3,8,0,16,0
1814,15,1,3,1,0,15,0
1815,8,7,3,18,0,20,0
1816,25,20,3,5,0,19,1
1817,19,2,6,2,0,18,0
1818,11,2,2,2,0,19,0
1819,3,13,4,4,0,16,0
1820,4,15,2,6,0,13,0
1821,2,3,4,5,0,20,1
1822,21,4,5,5,0,21,0
1823,21,0,4,5,1,21,1
1824,43,1,5,5,0,21,0
1825,12,0,3,5,0,49,0
1826,28,3,3,1,0,22,0
1827,33,0,3,1,0,19,0
1828,22,0,2,5,0,56,0
1829,7,0,2,5,0,49,0
1830,1,0,3,5,0,25,0
1831,31,3,3,6,0,20,0
1832,7,9,7,5,0,27,0
1833,41,2,5,5,1,20,1
1834,38,6,3,13,0,43,1
1835,42,0,3,5,0,14,0
1836,17,7,4,3,0,23,0
1837,5,3,3,6,0,23,1
1838,26,5,3,11,0,15,0
1839,28,4,4,5,0,29,0
1840,14,0,3,5,0,28,0
1841,27,2,8,5,0,30,0
1842,25,49,5,4,0,17,0
1843,6,21,5,11,0,18,0
1844,31,4,6,5,0,29,1
1845,5,0,3,1,0,22,0
1846,8,6,4,5,0,17,0
1847,8,9,3,7,0,22,0
1848,11,0,2,1,0,23,0
1849,7,0,3,1,0,21,0
1850,1,0,3,5,0,20,1
1851,16,43,2,281,0,18,0
1852,32,74,7,16,0,25,0
1853,22,5,4,27,0,15,0
1854,15,16,4,3,0,23,0
1855,5,7,3,2,1,16,0
1856,20,0,5,5,0,23,0
1857,19,2,8,1,0,24,0
1858,27,23,4,24,0,17,0
1859,24,1,2,5,0,30,0
1860,29,4,4,5,0,21,0
1861,23,11,4,1,0,19,0
1862,21,2,2,5,0,16,0
1863,2,7,4,37,0,19,0
1864,16,0,3,5,0,27,1
1865,35,4,4,3,0,98,0
1866,21,50,3,37,0,18,0
1867,40,5,3,5,0,17,0
1868,29,0,3,5,0,18,0
1869,24,2,4,21,0,16,0
1870,18,3,3,10,0,18,0
1871,2,3,5,5,0,23,0
1872,21,0,5,8,0,30,0
1873,39,27,3,5,0,18,0
1874,2,0,7,5,0,44,0
1875,10,0,3,1,0,21,0
1876,1,0,2,5,0,16,0
1877,14,0,3,5,0,14,0
1878,7,0,4,2,0,21,0
1879,7,0,3,5,1,42,0
1880,14,4,4,5,0,18,0
1881,13,1,3,1,0,14,0
1882,23,19,5,5,0,28,0
1883,10,0,4,5,0,45,0
1884,8,35,6,4,0,20,0
1885,17,13,5,31,0,15,1
1886,2,1,3,5,0,14,0
1887,3,3,3,2,0,24,0
1888,20,5,3,12,0,42,0
1889,19,3,4,4,0,19,0
1890,1,1,3,5,0,18,0
1891,4,1,4,4,0,21,0
1892,24,1,3,5,0,33,1
1893,12,2,7,6,0,23,0
1894,10,1,5,2,0,30,0
1895,27,0,3,5,0,18,0
1896,1,0,6,5,0,22,1
1897,9,4,3,4,0,14,0
1898,10,32,5,6,1,45,0
1899,16,0,8,5,0,20,0
1900,21,111,4,24,0,20,0
1901,12,4,3,4,0,23,0
1902,13,0,3,1,0,30,0
1903,25,4,2,1,0,13,0
1904,10,0,3,5,0,22,0
1905,6,2,3,5,1,22,1
1906,5,0,2,5,0,66,0
1907,36,2,3,5,0,22,0
1908,22,4,3,9,0,19,0
1909,21,2,3,5,0,21,0
1910,10,13,2,6,1,21,1
1911,39,4,5,7,0,32,0
1912,35,0,3,5,0,20,0
1913,32,2,2,5,0,19,0
1914,7,0,3,5,0,16,0
1915,15,0,2,1,0,17,0
1916,5,0,3,1,1,17,0
1917,25,10,3,5,0,19,0
1918,5,1,3,5,0,30,0
1919,8,10,4,5,0,16,0
1920,16,0,3,11,0,14,0
1921,36,1,3,9,0,22,0
1922,8,0,2,5,0,25,0
1923,16,2,2,5,0,27,0
1924,1,0,3,5,0,19,0
1925,28,7,3,10,0,19,0
1926,13,1,3,5,0,111,0
1927,9,2,5,4,0,17,0
1928,4,0,3,5,0,21,0
1929,6,0,2,5,0,27,0
1930,8,1,3,5,0,22,0
1931,32,3,3,6,0,31,0
1932,5,0,3,3,0,24,0
1933,3,4,3,21,0,14,0
1934,25,2,3,5,0,19,1
1935,3,1,3,12,0,28,0
1936,1,1,3,5,0,103,0
1937,25,3,3,5,1,13,0
1938,28,5,3,5,0,21,0
1939,15,12,4,11,0,22,0
1940,2,8,6,4,0,26,0
1941,4,2,4,2,0,27,0
1942,9,4,5,5,0,17,0
1943,31,1,3,30,0,14,0
1944,23,10,3,14,1,18,0
1945,6,14,5,8,0,24,0
1946,32,1,4,5,0,18,0
1947,8,2,7,1,0,45,0
1948,27,0,3,5,0,19,0
1949,41,0,3,5,0,41,0
1950,17,24,3,7,0,21,0
1951,19,2,3,4,0,29,0
1952,5,1,5,5,0,21,0
1953,40,27,5,3,0,30,1
1954,20,2,4,5,0,29,0
1955,15,3,4,8,0,17,0
1956,5,1,5,1,0,29,1
1957,33,0,7,5,0,37,1
1958,27,6,6,5,0,49,0
1959,4,3,2,5,1,15,0
1960,25,6,5,1,0,21,0
1961,16,1,3,2,1,17,0
1962,18,1,2,5,0,15,0
1963,2,0,5,1,0,24,0
1964,46,1,2,5,0,18,0
1965,19,3,4,5,0,22,0
1966,7,1,5,2,0,22,0
1967,39,5,3,7,0,29,0
1968,2,1,3,5,0,16,0
1969,11,6,5,22,0,17,0
1970,15,11,2,7,0,32,0
1971,9,0,3,5,0,27,0
1972,3,5,3,2,0,22,0
1973,22,0,2,5,1,21,0
1974,1,30,5,50,0,17,0
1975,38,1,4,5,0,17,0
1976,33,3,5,6,0,17,1
1977,34,5,4,5,0,21,0
1978,4,1,4,5,0,29,0
1979,1,0,3,5,0,15,0
1980,32,3,4,3,0,25,0
1981,3,8,2,3,0,15,0
1982,18,243,4,73,0,16,0
1983,9,2,3,5,0,16,0
1984,6,8,3,12,0,15,0
1985,24,1,4,5,0,26,0
1986,3,48,6,2,0,18,0
1987,12,34,4,100,0,20,0
1988,29,1,3,5,0,24,0
1989,3,0,3,5,0,23,0
1990,12,0,8,2,0,26,0
1991,11,0,3,5,0,20,0
1992,3,0,3,5,0,24,0
1993,30,3,2,5,0,14,0
1994,6,0,3,2,0,20,0
1995,1,70,5,10,0,17,0
1996,3,0,5,5,0,31,0
1997,8,0,7,3,0,25,0
1998,43,1,5,1,0,18,0
1999,6,0,3,5,0,37,0
2000,16,1,3,12,0,15,0
2001,23,24,3,2,0,23,0
2002,30,1,2,5,1,13,0
2003,26,1,5,5,0,27,1
2004,19,12,4,12,0,25,0
2005,21,15,5,5,0,16,0
2006,8,2,5,5,0,21,0
2007,14,1,4,5,0,32,0
2008,10,0,7,1,0,22,1
2009,4,26,3,9,0,17,0
2010,5,0,3,3,0,22,0
2011,4,7,5,24,0,27,0
2012,24,32,4,1,0,37,0
2013,36,0,3,1,0,22,0
2014,32,15,7,2,0,31,0
2015,21,0,4,5,0,42,0
2016,4,0,3,5,0,14,0
2017,17,0,2,5,1,32,0
2018,12,79,3,23,0,41,0
2019,31,5,7,18,0,22,0
2020,41,15,4,3,0,22,0
2021,23,2,2,5,0,23,0
2022,27,1,3,5,0,22,0
2023,19,3,3,5,1,112,0
2024,15,16,3,19,0,16,0
2025,26,23,4,7,0,23,0
2026,22,1,4,1,1,30,0
2027,17,412,4,6,0,22,0
2028,14,160,3,4,0,18,0
2029,26,0,4,5,0,28,0
2031,3,0,3,1,0,29,0
2032,16,1,3,5,0,20,1
2033,27,4,4,11,0,16,0
2034,40,0,4,5,0,28,1
2035,27,5,5,4,1,22,0
2036,4,0,3,3,0,20,0
2037,16,0,3,5,0,41,0
2038,9,1,3,5,0,25,0
2039,1,376,4,166,1,54,0
2040,20,0,3,16,0,23,0
2041,9,1,5,4,0,25,0
2042,14,2,4,5,0,75,1
2043,9,0,3,10,0,36,0
2044,3,0,3,5,0,23,1
2045,3,0,3,5,0,28,1
2046,4,3,3,7,0,29,0
2047,25,3,4,9,0,25,0
2048,9,0,3,5,0,18,0
2049,15,6,5,5,0,52,0
2050,30,2,6,1,0,22,0
2051,16,19,3,41,0,18,0
2052,12,1,4,5,0,111,0
2053,4,1,3,1,0,38,1
2054,15,1,3,5,0,22,0
2055,10,11,3,9,0,20,0
2056,25,7,5,9,0,31,0
2057,13,0,5,2,0,21,0
2058,16,142,3,132,0,15,0
2059,26,1,3,5,0,32,0
2060,35,31,5,27,0,31,0
2061,23,5,4,1,0,22,0
2062,8,10,4,4,0,16,0
2063,27,42962,2,239,0,22,0
2064,3,0,5,5,1,26,0
2065,19,0,2,5,1,15,0
2066,1,3,3,2,0,20,0
2067,20,0,3,5,0,43,1
2068,29,0,3,5,0,22,0
2069,2,0,4,5,0,41,0
2070,3,0,3,5,0,19,0
2071,8,1,4,1,0,33,0
2072,40,2,3,14,1,31,0
2073,24,4,3,6,0,15,0
2074,34,2,4,5,0,26,0
2075,22,1,3,5,0,17,0
2076,14,3,3,1,0,19,0
2077,6,30,4,35,0,16,0
2078,28,1,3,5,0,22,0
2079,32,1,3,5,0,19,1
2080,1,0,3,5,0,24,0
2081,7,14,2,24,0,21,0
2082,34,2,6,5,0,32,0
2083,3,1,5,5,0,50,0
2084,26,6,4,5,0,28,1
2085,6,29,3,102,0,35,0
2086,19,1,3,5,0,21,0
2087,8,3,4,13,0,22,0
2088,19,0,2,5,0,25,0
2089,4,9,5,1,0,29,0
2090,13,5,4,5,0,19,0
2091,29,1,3,5,0,14,0
2092,14,0,3,5,0,28,0
2093,25,7,5,17,0,18,0
2094,7,1,5,5,1,16,0
2095,20,5,3,17,0,23,0
2096,14,8,2,13,0,19,0
2097,6,0,4,13,1,19,0
2098,23,2,2,4,1,16,0
2099,14,2,2,5,1,17,0
2100,13,6,4,36,0,14,0
2101,5,4,3,5,0,15,0
2102,5,3,3,5,0,21,0
2103,8,1,3,5,0,22,1
2104,23,6,4,5,0,15,1
2105,5,8,4,1,0,35,0
2106,16,1,3,5,0,14,0
2107,31,0,3,5,0,24,0
2108,27,2,3,5,0,39,0
2109,3,59,4,16,0,15,0
2110,6,1,2,5,0,14,0
2111,16,0,2,5,0,16,1
2112,26,0,4,1,0,111,0
2113,11,7,2,17,0,14,0
2114,15,1,3,5,0,19,0
2115,3,0,4,5,0,21,0
2116,2,1,4,5,0,21,0
2117,7,197,4,5,0,19,0
2118,28,0,3,1,0,25,0
2119,19,2,3,1,0,18,1
2120,40,0,3,5,0,42,0
2121,22,5,2,2,0,32,0
2122,15,9,3,12,0,17,0
2123,2,0,3,5,0,23,0
2124,3,0,3,5,1,21,0
2125,33,5,3,5,0,16,0
2126,25,0,3,2,0,27,0
2127,4,1,3,5,0,15,0
2128,2,1,4,5,0,29,0
2129,32,0,3,5,1,21,0
2130,5,15,4,7,0,32,0
2131,25,81,3,124,0,38,0
2132,6,31,2,49,0,38,0
2133,29,4,3,5,0,63,1
2134,18,1,3,1,1,19,0
2135,2,27,5,37,0,15,0
2136,36,1,5,5,1,16,0
2137,7,922,2,11,0,14,0
2138,28,8,5,1,0,17,0
2139,9,1,3,8,0,22,0
2140,34,0,3,5,0,21,0
2141,7,27,4,22,0,19,0
2142,25,0,2,5,0,46,0
2143,23,12,7,5,0,30,0
2144,29,37,4,5,0,20,0
2145,17,0,3,5,1,71,0
2146,5,7,3,14,0,20,0
2147,5,1,3,1,0,16,1
2148,12,14,3,5,0,21,0
2150,20,53,3,5,0,16,0
2151,18,0,3,5,0,37,0
2152,23,2,2,5,0,16,0
2153,2,8,3,1,0,19,0
2154,31,66,4,6,1,18,1
2155,3,0,4,5,0,27,0
2156,39,4,4,5,0,21,0
2157,18,2,7,1,1,19,0
2158,29,33,4,47,1,19,0
2159,5,0,3,5,0,19,0
2160,36,7,4,6,0,20,0
2161,5,0,3,5,0,19,0
2162,7,1,3,5,0,16,0
2163,13,5,4,29,0,29,0
2164,19,0,3,5,0,21,0
2165,11,0,3,5,0,13,0
2166,5,7,3,4,0,14,0
2167,18,3,4,12,0,49,0
2168,10,1,2,5,0,27,0
2169,11,6,3,5,0,22,0
2170,30,0,3,5,0,21,0
2171,25,1,3,1,0,16,0
2172,9,6,4,1,0,19,0
2173,25,2,2,4,0,16,0
2174,5,8,3,5,0,111,0
2175,26,18,3,1,0,22,0
2176,5,1,8,5,1,27,0
2177,4,1,4,10,0,16,0
2178,12,5,2,5,0,22,0
2179,9,1,7,4,0,20,0
2180,40,1,4,5,0,31,0
2181,24,5,6,7,0,31,1
2182,18,3,5,4,0,21,0
2183,1,14,5,5,0,18,0
2184,3,2,5,5,0,18,0
2185,17,5,3,5,0,28,0
2186,2,0,3,5,0,17,1
2187,36,11,3,5,1,18,0
2188,42,13,5,1,0,32,0
2189,1,2,3,5,0,19,0
2190,10,0,2,5,0,20,0
2191,8,45,3,6,0,14,0
2192,6,2,2,5,0,14,0
2193,4,1,4,3,0,22,0
2194,2,24,6,7,0,22,0
2195,20,2,3,5,0,21,0
2196,16,4,3,9,0,32,0
2197,25,1,3,5,0,18,0
2198,27,0,5,5,1,18,0
2199,16,1,7,5,0,26,0
2200,3,6,3,53,0,23,0
2201,10,0,2,5,0,14,0
2202,13,55,3,3,0,17,0
2203,15,1,6,5,0,39,0
2204,7,0,2,5,0,17,0
2205,1,14,3,3,0,14,0
2206,20,9,4,5,0,25,0
2207,9,1,3,3,0,48,0
2208,2,5,5,3,0,27,0
2209,4,22,3,8,0,15,0
2210,1,68,5,14,0,23,0
2211,21,0,4,6,0,25,0
2212,15,1,5,1,0,41,0
2213,18,1,2,5,0,17,0
2214,39,7,4,5,0,16,0
2215,5,0,3,5,0,14,0
2216,1,0,2,5,0,18,0
2217,41,51,6,8,0,23,0
2218,8,28,5,5,0,18,0
2219,28,28,4,7,1,15,0
2220,13,5,3,5,0,21,0
2221,21,2,2,2,0,18,0
2222,3,0,3,5,0,22,0
2223,9,0,2,1,1,14,0
2224,4,0,3,5,0,28,1
2225,16,2,6,4,0,31,0
2226,3,0,4,5,0,72,0
2227,3,0,3,5,0,30,1
2228,3,1,2,2,0,15,0
2229,22,5,5,9,0,20,0
2230,27,6,3,1,0,22,0
2231,23,1,3,5,0,43,0
2232,20,3,7,5,0,43,1
2233,9,41,3,5,0,15,0
2234,3,0,4,5,0,17,0
2235,31,6,3,5,0,14,0
2236,10,1,3,5,0,18,0
2237,17,0,5,5,0,25,0
2238,26,10,4,8,0,41,0
2239,17,5,3,4,0,14,0
2241,26,22,3,12,0,37,0
2242,7,0,3,3,1,23,0
2243,39,0,3,5,0,20,0
2244,10,38,5,5,0,21,0
2245,10,15,5,5,0,16,1
2246,4,36,3,32,0,48,0
2247,14,14,3,4,0,19,1
2248,8,0,3,5,0,40,0
2249,17,0,3,5,0,15,0
2250,1,3,5,2,0,39,0
2251,35,7,3,1,1,16,0
2252,9,0,2,5,0,14,0
2253,38,0,6,5,0,32,0
2254,2,0,3,5,0,19,0
2255,1,97,4,26,0,15,0
2256,39,5,4,1,0,17,0
2257,11,100,3,51,0,27,0
2258,25,89,7,79,1,44,0
2259,1,0,2,5,0,15,0
2260,3,0,3,5,0,19,0
2261,12,301,2,1,0,21,1
2262,11,0,4,5,0,27,1
2263,31,0,2,5,0,45,0
2264,16,8,3,5,0,16,0
2265,9,0,3,8,0,41,0
2266,9,0,3,5,1,21,0
2267,3,3,3,55,0,20,0
2268,2,5,4,5,1,21,0
2269,17,3,5,5,0,21,0
2270,22,1,2,5,1,20,0
2271,10,141,3,15,0,23,0
2272,14,9,3,18,0,17,0
2273,8,94,5,68,0,16,0
2274,21,12,3,62,1,18,0
2275,12,0,2,5,0,42,0
2276,3,7,7,5,0,23,0
2277,6,0,3,5,0,22,0
2278,3,1,4,5,1,21,0
2279,35,11,5,7,0,27,0
2280,19,5,6,5,0,32,0
2281,1,9,5,5,0,21,0
2282,15,59,2,5,0,16,1
2283,17,0,3,5,0,20,0
2284,12,0,3,5,0,23,1
2285,10,1,3,5,0,21,0
2286,36,0,2,1,0,16,0
2287,27,11,3,5,0,19,0
2288,15,1,4,5,0,23,0
2289,30,4,5,5,0,22,0
2290,25,2,3,3,0,26,0
2291,7,5,4,1,0,15,0
2292,41,5,2,3,0,23,0
2293,38,1,5,2,0,23,0
2294,6,0,3,1,0,18,0
2295,4,0,4,1,0,21,0
2296,21,2,4,5,0,19,0
2297,21,1,2,5,0,22,0
2298,10,1,2,5,0,17,0
2299,36,3,2,1,0,18,0
2300,11,0,2,5,0,19,0
2301,15,2,3,5,1,15,0
2302,38,2,2,5,0,15,0
2303,19,0,3,1,1,21,0
2304,1,0,3,5,1,33,0
2305,26,8,4,3,0,22,0
2306,3,1,3,5,0,16,0
2307,27,0,2,5,0,17,0
2308,14,2,6,35,0,17,0
2309,27,7,7,5,0,38,0
2310,9,0,3,1,0,60,1
2311,6,6,3,29,0,16,0
2312,1,337,8,820,0,57,0
2313,29,2,4,4,0,21,0
2314,26,0,3,5,0,30,1
2315,7,0,4,2,0,42,0
2316,9,1,3,3,0,20,0
2317,22,5,5,5,0,28,0
2318,17,0,2,5,0,13,0
2319,24,5,2,5,0,21,0
2320,7,1,4,2,0,15,0
2321,1,1,2,5,1,15,1
2322,32,36,3,33,1,27,0
2323,35,11,7,5,0,25,0
2324,23,0,2,5,0,20,0
2325,44,7,3,1,0,32,1
2326,4,43,7,16,0,26,0
2327,29,3,3,5,1,19,0
2328,14,2,4,5,0,51,0
2329,25,8,6,5,0,23,0
2330,12,0,3,5,0,15,0
2331,3,9,4,31,1,27,0
2332,33,10,3,5,0,17,0
2333,7,0,3,5,0,14,0
2334,26,2,3,2,0,20,0
2335,3,0,3,5,0,22,0
2336,3,0,5,5,0,20,0
2337,35,8,7,5,0,19,0
2338,34,1,4,2,0,24,0
2339,7,1,3,1,0,25,0
2340,13,6,4,44,0,27,0
2341,6,204,7,9,0,17,0
2342,10,1,2,5,0,16,0
2343,21,4,5,5,0,16,0
2344,17,98,5,42,0,16,0
2345,1,0,3,5,0,21,0
2346,13,3,3,5,0,20,0
2347,17,6,3,1,0,29,0
2348,26,13,5,5,0,16,0
2349,13,2,3,5,0,15,0
2350,6,0,5,5,1,27,0
2351,26,2,8,5,0,33,0
2352,22,55,7,5,0,28,0
2353,3,2,6,12,0,40,0
2354,9,6,5,7,0,17,0
2355,8,1,3,1,0,18,0
2356,23,0,4,5,0,18,1
2357,27,0,3,2,0,27,0
2358,15,0,3,5,1,23,0
2359,17,4,2,5,0,13,0
2360,3,0,3,5,0,21,1
2361,1,8,3,2,0,19,0
2362,8,0,4,5,0,22,0
2363,19,4,4,5,0,21,0
2364,4,0,4,5,0,31,0
2365,1,62,7,21,0,27,1
2366,18,0,2,5,0,21,0
2367,18,69,5,219,0,20,0
2368,6,24,4,17,0,14,0
2369,3,6,2,3,0,17,1
2370,9,6,4,27,0,14,0
2371,18,17,5,23,0,106,0
2372,5,0,3,5,0,20,0
2373,2,1,3,4,0,22,0
2374,16,14,2,74,0,41,0
2375,41,3,5,1,0,18,0
2376,34,1,7,5,0,50,0
2377,4,1,5,1,0,32,0
2378,9,1,4,5,1,22,0
2379,22,2,6,5,1,22,0
2380,19,0,3,5,0,21,0
2381,31,4,3,9,0,13,0
2382,3,1,8,5,0,26,0
2383,4,8,3,4,0,17,0
2384,39,3,4,5,0,16,0
2385,21,4,3,4,0,16,0
2386,11,1,3,19,0,31,1
2387,25,1,3,5,0,21,0
2388,27,9,5,3,0,26,0
2389,17,6,3,38,1,29,0
2390,11,3,2,5,0,21,0
2391,13,2,7,5,0,66,0
2392,7,4,5,8,0,22,0
2393,33,0,2,5,1,22,0
2394,3,0,3,2,0,21,0
2395,40,0,3,5,1,23,1
2396,20,12,5,23,0,15,0
2397,8,7,3,6,0,22,0
2398,3,0,2,5,0,19,0
2399,4,8,2,5,0,16,0
2400,6,1,5,2,0,37,1
2401,5,75,3,43,0,24,0
2402,27,5,8,3,0,47,1
2403,1,0,4,5,0,21,0
2404,9,3,4,5,0,21,0
2405,21,1,5,5,1,19,0
2406,1,0,5,5,1,21,0
2407,8,0,3,2,0,19,0
2408,8,1,3,5,0,22,0
2409,1,76,4,53,0,20,0
2410,13,1,8,5,0,24,0
2411,6,2,2,1,0,17,1
2412,22,0,6,5,0,24,0
2413,18,0,2,5,0,15,0
2414,10,12,4,3,0,19,0
2415,2,1,3,5,0,27,0
2416,16,0,4,5,0,21,0
2417,5,2,5,5,0,31,0
2418,13,1,3,5,0,21,1
2419,43,37,6,12,0,38,0
2420,8,1,2,2,0,13,0
2421,1,3,5,5,0,21,0
2422,26,1,7,1,0,31,0
2423,28,5,5,5,0,32,0
2424,10,0,3,5,0,25,0
2425,11,1,5,5,0,23,0
2426,27,0,4,5,0,27,1
2427,18,0,3,5,1,32,0
2428,7,0,3,5,0,19,0
2429,9,190,3,6,0,17,0
2430,28,139,3,5,0,17,0
2431,7,0,4,5,0,25,0
2432,1,1,7,1,0,18,0
2433,21,16,5,7,0,24,0
2434,18,1,5,5,0,21,0
2435,18,11,4,5,0,29,0
2436,39,5,3,9,0,42,0
2437,22,24,2,1,0,18,1
2438,40,5,3,5,0,17,1
2439,27,2,5,5,1,29,0
2440,10,8,4,5,0,17,0
2441,37,846,4,498,0,30,0
2442,33,0,3,1,0,16,0
2443,4,4,5,32,0,18,0
2444,26,3,4,2,0,20,1
2445,26,1,3,5,0,22,1
2446,9,13,3,5,0,18,0
2447,8,4,3,5,0,111,0
2448,15,0,3,5,0,30,0
2449,10,2,3,4,0,20,0
2450,35,6,5,8,0,23,0
2451,8,0,3,5,0,19,0
2452,7,2,3,7,0,18,0
2453,17,8,3,2,1,23,0
2454,9,1,2,5,0,21,0
2455,27,77,3,5,0,22,0
2456,7,4,5,5,1,32,0
2457,3,2,4,2,0,29,1
2458,20,0,3,2,0,14,0
2459,7,384,4,101,1,15,0
2460,6,29,4,19,0,22,0
2461,15,50,3,3,0,32,0
2462,26,3,4,5,0,17,0
2463,11,1,3,5,1,19,0
2464,21,2,2,5,0,15,0
2465,8,1,3,5,0,13,0
2466,15,10,2,8,0,14,0
2467,29,4,6,1,0,25,0
2468,38,5,4,5,1,30,0
2469,19,1,4,5,0,27,1
2470,3,1,4,5,0,21,0
2471,18,9,3,25,0,15,1
2472,7,10,4,8,0,22,0
2473,24,20,5,109,0,29,0
2474,10,5,3,5,0,15,0
2475,6,3,3,33,0,28,0
2476,27,7,3,1,0,39,1
2477,9,0,5,5,0,111,0
2478,20,1,2,5,1,22,0
2479,20,24,4,2,0,44,0
2480,1,3,5,3,1,20,0
2481,4,0,3,5,0,31,0
2482,4,2,2,5,0,51,1
2483,12,9,5,6,0,62,0
2484,14,7,3,7,0,37,0
2485,1,0,5,5,0,22,1
2486,19,2,7,10,0,24,0
2487,2,3,4,5,0,20,0
2488,11,98,4,15,1,20,0
2489,39,5,8,1,0,29,0
2490,16,6,5,2,0,30,0
2491,11,0,4,5,0,21,0
2492,14,23,4,10,0,20,0
2493,13,0,3,4,0,17,0
2494,5,22,3,37,0,16,0
2495,3,0,3,5,0,28,0
2496,13,0,3,5,0,20,0
2497,15,4,3,5,0,15,0
2498,12,5,4,2,0,22,0
2499,18,2,2,5,1,17,0
2500,21,4,4,6,0,26,0
2501,40,109,4,20,0,20,0
2502,10,16,6,5,0,66,0
2503,9,39,2,16,0,19,0
2504,31,0,4,5,1,30,0
2505,35,223,4,5,0,31,1
2506,13,10,3,5,0,16,0
2507,24,11,8,20,0,33,0
2508,7,27,2,566,0,24,0
2509,6,7,6,5,0,31,0
2510,3,1,2,5,0,14,0
2511,4,0,8,5,0,26,0
2512,11,4,4,5,0,16,0
2513,1,1,3,2,0,44,0
2514,19,1,3,5,0,21,0
2515,28,0,3,2,0,24,0
2516,38,16,4,20,0,25,0
2517,12,24,3,5,0,22,0
2518,18,4,7,5,0,26,0
2519,33,4,2,1,0,22,0
2520,1,6,4,18,0,23,0
2521,41,21,7,39,1,45,0
2522,30,5,4,5,0,31,0
2523,17,9,3,8,0,22,0
2524,36,1,3,1,0,17,0
2525,7,0,2,5,0,20,0
2526,3,0,3,5,0,18,0
2527,35,3,3,5,0,71,1
2528,11,4,5,5,0,21,0
2529,12,0,3,5,0,19,0
2530,16,14,7,14,0,19,0
2531,40,5,3,5,0,111,0
2532,29,4,6,6,0,23,0
2533,44,0,3,5,0,41,0
2534,2,3,4,13,0,20,0
2535,18,8,4,69,0,16,0
2536,5,0,4,5,0,27,0
2537,8,1,4,1,0,31,0
2538,7,0,4,5,0,22,0
2539,11,5,5,4,0,25,0
2540,24,1,2,2,0,40,0
2541,15,3,3,7,0,17,0
2543,22,10,4,5,0,22,0
2544,21,72,4,116,0,15,0
2545,7,21,4,4,0,49,0
2546,46,0,4,5,1,21,0
2547,11,0,7,3,0,24,0
2548,34,1,7,5,0,49,1
2549,3,112,3,1,0,20,0
2550,21,1,6,10,0,34,0
2551,5,1,5,5,1,45,0
2552,26,3,4,11,0,21,0
2553,6,3,3,9,1,16,0
2554,33,2,3,2,0,19,0
2555,4,1,6,2,0,18,0
2556,24,2,2,5,0,20,0
2557,30,0,3,5,0,14,0
2558,16,0,4,1,0,18,0
2559,14,0,3,5,0,19,1
2560,16,65,4,21,0,17,0
2561,7,1,3,5,0,13,0
2562,35,1,8,5,0,32,0
2563,7,0,3,2,0,19,0
2564,10,0,3,2,0,21,0
2565,2,0,3,5,0,25,0
2566,10,0,4,5,0,41,0
2567,12,0,4,5,0,18,0
2568,5,119,8,32,0,33,0
2569,37,3,5,5,1,21,0
2570,2,0,3,1,0,37,0
2571,18,0,2,5,0,33,1
2572,6,66,3,12,0,27,0
2573,8,16,4,50,0,18,0
2574,8,7,6,8,0,39,0
2575,9,4,2,4,0,21,0
2576,7,0,3,5,0,13,1
2577,2,0,5,5,0,39,0
2578,4,2,3,3,1,21,0
2579,9,2,3,2,0,29,0
2580,6,5,3,1,0,23,0
2581,5,3,4,5,1,22,0
2582,9,0,5,12,1,45,0
2583,39,52,5,57,0,31,0
2584,7,0,2,5,0,20,0
2585,11,10,4,1,0,17,0
2586,1,2,4,22,0,16,0
2587,5,0,3,4,0,18,0
2588,7,9,3,2,1,17,0
2589,2,0,3,1,0,17,0
2590,18,2,2,5,0,21,0
2591,15,7,4,5,0,25,0
2592,2,3,3,9,0,18,0
2593,14,3,2,5,0,15,0
2594,11,30,6,6,0,16,0
2595,11,110,3,2,0,21,0
2596,15,2,3,5,0,21,0
2597,8,0,4,5,0,29,0
2598,20,8,3,8,1,22,1
2599,22,12,3,5,1,37,0
2600,21,9,5,4,0,16,1
2601,2,2,3,5,1,20,1
2602,10,12,2,14,0,14,0
2603,31,0,3,5,0,16,0
2604,3,0,5,5,0,21,0
2605,9,1,2,4,0,17,0
2606,3,5,3,6,0,13,0
2607,32,0,8,1,0,48,0
2608,24,8,4,5,0,19,0
2609,29,0,3,5,0,56,0
2610,19,6,5,5,0,34,1
2611,1,1,5,1,0,17,0
2612,10,5,4,5,0,21,0
2613,9,25,5,5,0,15,0
2614,15,10,3,13,0,18,0
2615,24,16,2,81,0,33,0
2616,13,0,4,1,0,22,1
2617,33,2,3,5,0,25,0
2618,27,2,4,5,1,21,0
2619,22,0,4,5,0,26,1
2620,3,0,3,5,0,19,0
2621,7,0,4,5,1,42,0
2622,21,0,4,6,1,75,0
2623,12,464,3,40,1,16,0
2624,6,1,2,5,0,16,0
2625,22,0,7,5,0,31,0
2626,10,4,3,18,0,17,0
2627,30,5,5,3,0,22,0
2628,6,6,5,1,0,16,0
2629,19,0,3,5,0,18,0
2630,28,793,7,31,0,18,0
2631,21,2,2,2,0,13,0
2632,16,0,2,5,0,22,0
2633,8,0,5,5,0,21,0
2634,38,2,8,3,0,60,0
2635,11,3,3,5,0,36,0
2636,2,1,3,5,0,21,0
2637,15,0,3,1,0,21,0
2638,6,6,5,45,0,22,0
2639,6,9,5,4,0,19,0
2640,15,0,2,5,0,25,0
2641,21,0,2,5,0,40,0
2642,13,2,2,1,0,39,0
2643,3,2,5,1,0,31,0
2644,34,4,4,8,0,43,0
2645,13,20,3,1,0,15,0
2646,2,0,3,5,0,36,0
2647,17,0,3,5,0,22,0
2648,28,1,3,5,0,20,0
2649,10,2,5,5,0,22,0
2650,4,4,7,13,0,34,0
2651,33,3,2,42,0,21,0
2652,13,1,2,18,0,32,0
2653,25,0,3,5,0,24,0
2654,3,0,3,5,0,22,0
2655,19,0,4,5,0,19,0
2656,35,9,4,10,0,27,0
2657,33,10,3,6,0,34,1
2658,38,21,4,10,0,18,0
2659,11,0,4,5,0,23,0
2660,2,0,3,8,0,21,0
2661,38,0,4,1,0,19,1
2662,20,0,4,5,0,26,1
2663,23,7,5,2,1,18,0
2664,13,2,3,5,0,23,0
2665,1,1,3,5,0,18,0
2666,19,0,5,5,0,21,0
2667,32,8,7,5,0,18,1
2668,14,19,6,5,0,19,0
2669,22,6,3,6,0,22,0
2670,22,11,3,3,1,22,0
2671,3,0,3,5,0,18,0
2672,17,0,2,5,1,17,0
2673,26,1,3,9,1,20,0
2674,2,24,3,19,1,17,0
2675,36,1,3,3,0,25,0
2676,18,67,6,24,0,21,0
2677,7,56,5,35,0,38,0
2678,21,3,3,8,0,21,0
2679,15,3,4,5,0,67,1
2680,15,35,3,5,1,21,1
2681,23,2,3,5,0,26,1
2682,28,5,3,46,0,18,0
2683,40,1,3,5,0,27,0
2684,15,1,3,5,0,18,0
2685,21,72,5,5,1,24,0
2686,19,2,8,5,0,92,0
2687,1,28,3,46,1,17,0
2688,17,0,7,5,0,43,0
2689,1,5,4,5,0,19,0
2690,7,2,3,5,0,18,0
2691,5,0,3,5,0,16,0
2692,8,2,3,13,0,19,0
2693,10,11,2,20,0,13,0
2694,1,2,3,6,0,17,0
2695,3,5,3,4,0,41,0
2696,34,12,2,3,0,22,0
2697,6,0,3,5,0,22,0
2698,6,2,3,9,0,18,0
2699,3,0,3,5,0,23,1
2700,4,276,5,6,0,21,0
2701,15,0,4,5,1,38,0
2702,10,1,7,5,0,24,0
2703,29,0,3,5,0,23,0
2704,27,8,3,9,0,22,0
2705,1,0,8,5,0,56,1
2706,25,20,4,14,0,22,0
2707,4,3,4,2,0,18,0
2708,14,2,4,1,0,17,0
2709,1,5,3,5,0,14,0
2710,10,0,2,5,0,21,0
2711,14,35,4,63,0,20,0
2712,1,0,2,5,0,14,0
2713,13,216,5,153,0,23,0
2714,1,81,2,9,1,22,0
2715,8,2,8,1,1,24,0
2716,4,20,5,5,0,45,0
2717,13,1,6,1,0,29,0
2718,6,4,5,1,0,21,0
2719,19,0,5,1,0,17,0
2720,5,0,5,1,0,21,0
2721,19,8,4,5,0,16,0
2722,40,2,4,5,0,28,0
2723,8,0,3,5,0,21,0
2724,16,0,3,1,0,25,0
2725,21,5,5,7,0,34,1
2726,10,0,5,5,0,24,1
2727,11,1,3,2,0,40,0
2728,3,3,3,3,0,33,0
2729,35,0,5,5,0,31,0
2730,15,0,5,5,0,37,0
2731,6,1,3,1,0,112,0
2732,20,8,4,3,0,22,0
2733,6,0,7,5,0,28,1
2734,26,0,3,5,0,15,0
2735,3,9,5,5,0,21,0
2736,35,1,3,5,0,53,0
2737,7,1,3,5,0,19,0
2738,23,0,3,5,0,24,0
2739,23,5,5,5,0,21,1
2740,24,0,7,5,0,55,0
2741,19,26,6,5,0,29,0
2742,25,36,6,32,0,25,0
2743,5,1,2,1,0,21,0
2744,1,11,5,5,0,16,0
2745,5,1,5,5,0,38,0
2746,14,2,7,5,0,66,0
2747,6,11,3,25,1,92,0
2748,3,21,5,43,1,19,0
2749,25,2,2,2,1,21,0
2750,20,3,7,27,0,31,0
2751,7,7,3,1,0,19,0
2752,24,0,4,5,0,78,0
2753,36,0,3,5,0,16,1
2754,12,27,7,2,0,31,0
2755,5,0,5,5,0,21,0
2756,3,6,4,5,0,21,0
2757,8,0,2,5,0,13,0
2758,21,20,3,26,1,14,0
2759,7,0,3,4,0,31,0
2760,6,2,4,4,0,24,0
2761,1,4,3,3,0,14,0
2762,22,6,3,4,0,17,0
2763,9,1,2,1,0,16,0
2764,12,8,3,5,0,26,0
2765,1,0,3,5,0,25,0
2766,11,1,4,5,0,23,1
2767,33,6,4,5,0,25,0
2768,18,0,2,5,0,15,1
2769,25,106,3,10,0,20,0
2770,7,1,2,2,0,40,0
2771,33,3,3,5,0,21,0
2772,10,0,2,1,0,14,0
2773,1,0,4,5,0,23,0
2774,23,0,3,5,0,22,1
2775,1,0,3,5,0,50,0
2776,25,7,3,96,0,31,0
2777,1,0,3,5,0,21,1
2778,17,10,3,1,0,27,0
2779,17,43,4,11,1,23,0
2780,31,1,3,5,0,46,0
2781,24,1,3,1,0,20,0
2782,20,30,2,5,0,17,0
2783,11,12,3,1,0,47,0
2784,14,5,6,1,1,25,1
2785,31,166,3,115,0,14,0
2786,6,6,5,43,0,21,0
2787,1,0,6,5,0,42,0
2788,7,0,3,5,0,38,0
2789,11,0,3,5,1,23,0
2790,29,2,7,1,0,26,0
2791,18,0,3,5,0,15,0
2792,8,1,5,18,0,50,0
2793,23,5,7,5,0,43,0
2794,20,0,3,1,0,41,0
2795,4,1,3,3,0,25,0
2796,19,6,3,3,0,20,0
2797,6,1,3,1,0,17,0
2798,3,0,3,5,0,14,0
2799,13,10,3,19,0,15,0
2800,7,0,4,2,1,31,0
2801,1,1,3,3,0,16,0
2802,16,1,3,3,0,14,0
2803,5,2,3,5,0,14,0
2804,22,0,8,5,0,23,1
2805,23,55,4,32,1,20,0
2806,1,1,3,5,0,26,0
2807,6,0,3,5,0,19,1
2808,1,1,3,5,0,16,1
2809,4,4,4,6,0,21,0
2810,33,3,7,2,0,42,1
2811,16,0,3,5,0,22,0
2812,29,85,5,96,0,21,0
2813,10,1,3,5,0,100,0
2814,30,5,5,5,0,19,0
2815,8,20,2,5,0,52,0
2816,5,3,4,2,0,16,0
2817,11,0,2,5,0,18,0
2818,11,0,3,5,0,26,0
2819,9,6,5,5,0,21,0
2820,2,0,3,5,0,22,0
2821,4,3,3,5,0,16,0
2822,32,0,3,5,1,16,0
2823,5,0,4,1,1,24,0
2824,18,4,3,5,1,21,0
2825,16,121,3,14,0,29,0
2826,33,16,2,42,0,22,0
2827,5,10,5,5,0,24,1
2828,32,1,3,5,0,14,0
2829,33,0,5,1,0,21,0
2830,13,0,3,2,1,18,0
2831,7,10,3,8,0,27,0
2832,34,2,3,5,0,14,0
2833,18,0,3,5,1,31,0
2834,14,1269,3,5,0,21,0
2835,7,3,6,19,0,21,0
2836,11,24,5,2,0,30,0
2837,29,6,2,2,0,17,0
2838,30,2,4,5,0,29,0
2839,22,0,2,16,0,20,0
2840,4,0,5,5,0,27,0
2841,14,6,4,5,0,22,0
2842,18,1,4,5,0,22,0
2843,3,1,3,5,1,21,0
2844,12,9,3,11,1,21,0
2845,12,1,3,12,0,19,0
2846,17,9,2,31,0,17,0
2847,40,0,4,5,0,38,0
2848,12,0,3,5,1,22,0
2849,3,12,3,48,0,14,1
2850,28,1,3,5,0,17,1
2851,7,0,3,5,0,18,0
2852,27,3,3,5,1,49,0
2853,22,7,3,9,0,19,0
2854,9,18,4,12,0,31,0
2855,26,1,3,5,0,21,0
2856,6,11,4,1,0,22,0
2857,5,5,3,8,0,18,0
2858,3,0,3,5,0,34,0
2859,3,16,4,17,0,22,0
2860,3,0,3,5,0,16,0
2861,35,0,3,5,0,23,0
2862,6,0,3,2,0,44,0
2863,20,1,5,5,0,18,0
2864,3,6,3,5,0,15,0
2865,4,0,2,5,0,27,0
2866,21,160,4,49,0,22,1
2867,13,4,3,3,0,20,0
2868,12,1,3,2,0,15,0
2869,8,12,4,3,0,20,0
2870,19,14,4,5,0,20,0
2871,3,0,3,4,0,22,1
2872,3,2,5,5,0,26,0
2873,11,3,3,27,0,15,0
2874,20,1,2,5,0,19,0
2875,30,3,5,5,0,23,0
2876,11,7,4,5,0,18,0
2877,34,3,3,5,0,16,0
2878,16,45,7,4,0,36,0
2879,17,1,6,3,0,23,0
2880,20,67,8,11,0,53,0
2881,14,0,4,5,0,31,0
2882,21,0,3,5,1,22,0
2883,37,0,3,5,0,19,0
2884,1,2,3,2,0,24,0
2885,32,0,2,5,0,22,0
2886,21,0,4,5,0,32,0
2887,36,4,3,5,0,18,0
2888,4,0,3,5,1,15,0
2889,3,0,2,5,0,21,0
2890,7,2,3,6,0,29,0
2891,5,0,3,5,0,19,0
2892,12,6,4,3,1,23,0
2893,2,24,4,13,0,35,0
2894,18,912377,8,237,0,31,0
2895,2,7,4,2,0,22,0
2896,30,8,7,5,0,49,0
2897,37,1,3,5,0,41,1
2898,1,0,3,1,0,15,0
2899,7,1,3,5,0,27,0
2900,1,0,3,4,0,14,0
2901,1,0,3,5,0,53,0
2902,21,1,3,5,0,18,0
2903,16,21,4,14,0,20,0
2904,2,0,5,5,0,21,1
2905,5,3,4,3,0,19,0
2906,13,5,3,7,0,18,0
2907,29,4,7,3,0,28,0
2908,27,2,4,5,0,23,0
2909,2,0,2,5,0,19,0
2910,9,5,3,5,0,20,0
2911,8,0,2,5,0,22,0
2912,13,0,4,5,0,26,0
2913,23,181,5,20,0,28,0
2914,13,2,3,14,0,18,0
2915,9,7,3,5,0,45,0
2916,7,0,5,5,0,21,0
2917,4,0,8,5,1,23,0
2918,14,0,3,5,0,17,0
2919,12,0,2,1,0,20,0
2920,16,0,7,2,0,23,1
2921,5,0,3,5,0,24,0
2922,36,345,8,38,0,24,0
2923,1,2,5,9,0,19,0
2924,6,17,3,5,0,14,0
2925,10,6,4,1,0,15,0
2926,13,22,5,1,0,21,1
2927,4,0,2,5,0,31,0
2928,22,4,8,2,0,31,0
2929,1,0,2,5,0,45,0
2930,1,0,4,5,0,27,0
2931,23,0,5,5,0,57,0
2932,29,12,3,21,0,37,0
2933,11,4,6,10,0,30,0
2934,3,6,4,2,1,17,0
2935,22,2,3,5,1,21,0
2936,5,2,3,11,0,17,0
2937,5,0,2,5,0,22,0
2938,29,131,3,31,0,20,0
2939,9,1,2,1,0,22,0
2940,23,19,2,15,0,22,1
2941,4,10,3,3,0,17,0
2942,8,1,2,5,0,21,0
2943,11,1,5,5,0,21,0
2944,9,80,4,35,0,16,0
2945,23,65,3,1,0,22,0
2946,9,4,3,4,0,17,0
2947,33,11,4,36,0,24,1
2948,14,1,4,5,0,16,0
2949,6,2,3,5,0,15,0
2950,26,0,3,5,0,17,1
2951,17,2,3,5,0,19,0
2952,11,10,6,3,0,22,0
2953,19,0,8,2,0,34,0
2954,9,0,3,2,0,20,0
2955,21,72,4,13,0,21,0
2956,33,0,2,5,0,14,0
2957,2,0,2,5,0,25,0
2958,14,0,7,5,0,51,1
2959,24,6,3,6,0,21,1
2960,6,1,3,5,1,21,0
2961,12,13,3,5,0,27,0
2962,8,6,3,5,0,22,0
2963,37,9,8,11,0,26,0
2964,5,19,4,5,0,26,0
2965,40,1,3,1,0,24,0
2966,4,3,4,1,0,20,0
2967,4,2,2,2,0,15,0
2968,26,5,4,5,0,22,0
2969,11,6,5,1,0,23,0
2970,24,8,3,47,0,19,1
2971,8,2,5,75,0,60,0
2972,21,12,4,5,0,19,1
2973,4,0,3,5,0,26,0
2974,27,1,2,5,1,21,0
2975,26,483,4,121,0,20,1
2976,12,3,4,1,0,23,0
2977,24,0,2,5,0,15,1
2978,9,0,5,3,0,21,0
2979,37,1,2,1,0,110,0
2980,14,1,3,5,0,22,0
2981,24,1,3,5,0,36,0
2982,6,14,2,5,0,21,0
2983,16,3,4,5,0,22,0
2984,19,30,3,14,0,22,0
2985,5,1,2,24,0,17,0
2986,20,1,4,5,0,53,1
2987,7,17,3,85,0,41,0
2988,15,7,5,1,0,28,0
2989,20,1,3,2,0,20,0
2990,3,1,3,5,0,18,1
2991,30,0,3,5,0,15,0
2992,40,11,3,2,0,18,0
2993,16,10,3,2,0,19,0
2994,27,4,7,8,0,32,0
2995,1,5751,4,39,0,29,0
2996,29,11,4,19,1,22,0
2997,4,1,2,5,0,14,0
2998,23,2,5,1,0,21,0
2999,15,1,2,5,0,20,0
3000,19,5,5,26,0,62,0
3001,27,1,3,5,1,17,0
3002,5,14,5,5,0,21,0
3003,13,5,2,9,0,14,0
3004,2,3,5,5,0,21,1
3005,3,1,3,11,0,18,0
3006,2,0,4,5,0,20,0
3007,35,0,3,5,0,30,0
3008,2,25,5,2,1,18,0
3009,14,0,3,5,1,72,0
3010,2,0,3,1,0,30,1
3011,17,1,3,20,0,19,0
3012,14,1,4,5,0,22,0
3013,9,5,3,5,0,16,0
3014,19,11,3,5,0,26,0
3015,7,30,3,13,0,15,0
3016,1,26,5,8,0,18,0
3017,10,18,3,5,0,19,0
3018,12,29,2,27,0,13,0
3019,29,185,5,150,0,17,0
3020,14,0,3,5,1,24,0
3021,5,6,3,5,1,20,0
3022,5,21,3,17,1,20,0
3023,1,7,3,5,0,19,0
3024,4,1,2,6,0,13,0
3025,32,3,4,18,0,22,0
3026,12,3,5,11,0,28,1
3027,31,4,3,1,0,21,0
3028,4,4,4,2,0,18,0
3029,4,7,5,5,0,33,1
3030,1,0,4,5,0,21,0
3031,4,1,3,3,1,17,0
3032,25,1,3,5,1,28,0
3033,24,2,3,7,1,14,0
3034,6,102,3,5,0,24,1
3035,27,5,2,5,0,17,0
3036,3,20,4,91,0,20,0
3037,4,0,3,5,0,15,0
3038,10,10,7,24,0,18,1
3039,9,9,4,5,0,16,0
3040,8,0,3,5,0,21,1
3041,13,1,2,5,0,22,0
3042,23,0,3,5,0,22,0
3043,3,0,3,1,1,22,0
3044,6,4,3,4,0,28,0
3045,12,0,3,5,0,15,0
3046,23,18,4,14,0,22,0
3047,16,16,4,31,0,19,0
3048,20,0,3,5,1,21,1
3049,4,56,5,5,0,30,0
3050,12,0,3,8,1,16,1
3051,1,0,3,5,0,22,1
3052,10,0,2,5,0,13,0
3053,8,3,3,5,0,22,0
3054,15,0,3,5,0,19,0
3055,1,11,4,3,0,17,0
3056,3,0,3,2,0,23,0
3057,13,1,3,5,0,21,0
3058,31,27,5,64,0,21,1
3059,42,0,4,5,1,15,0
3060,38,1,3,5,0,31,0
3061,15,7,4,2,0,21,0
3062,5,0,2,5,0,16,0
3063,17,4,3,5,0,15,0
3064,23,94,3,134,0,15,0
3065,21,0,3,1,1,22,0
3066,24,1,3,5,0,28,0
3067,5,4,4,5,0,25,0
3068,12,12,3,30,0,21,0
3069,24,2,5,5,0,34,0
3070,23,3,5,5,0,27,0
3071,27,109,3,5,0,16,0
3072,25,1,3,5,0,24,0
3073,8,2,5,2,0,21,0
3074,31,5,3,1,0,20,0
3075,36,2,5,5,0,22,0
3076,7,3,3,2,1,23,0
3077,18,2,4,5,0,22,0
3078,3,102,5,5,0,16,0
3079,35,2,3,4,0,24,0
3080,19,26,3,33,0,16,0
3081,17,2,3,5,0,18,0
3082,4,0,5,5,0,41,0
3083,7,64,5,234,0,20,0
3084,9,4,3,8,0,17,1
3085,20,5,4,10,0,30,1
3086,15,7,5,5,0,17,0
3087,2,6,4,5,1,19,1
3088,20,11,4,5,0,17,0
3089,17,0,3,5,0,30,0
3090,10,3,2,5,0,13,0
3091,1,2,3,1,0,18,0
3092,4,0,3,8,0,32,0
3093,25,3,3,3,0,40,0
3094,19,4,2,3,0,29,0
3095,15,0,3,5,0,18,0
3096,34,4,3,42,0,21,0
3097,4,0,3,7,0,19,0
3099,4,3,3,5,1,23,0
3100,4,9,2,5,0,13,0
3101,14,0,3,5,0,25,0
3102,36,64,5,5,0,25,1
3103,23,0,3,5,0,19,0
3104,23,4,4,10,0,21,0
3105,8,1,4,5,0,19,0
3106,5,0,2,5,0,22,0
3107,29,0,2,1,1,35,0
3108,30,0,6,5,0,49,0
3109,6,11,5,13,1,19,0
3110,25,5,4,3,0,31,0
3111,18,0,4,1,1,52,0
3112,9,4,5,5,1,23,0
3113,1,0,3,1,0,17,0
3114,27,10,5,5,1,22,0
3115,19,2,3,5,1,34,0
3116,5,0,3,5,0,21,0
3117,1,1,2,1,0,19,0
3118,19,288,6,58,0,22,0
3119,36,1,3,13,0,18,0
3120,22,0,6,1,1,22,0
3121,20,7,3,5,0,15,0
3122,6,0,2,5,0,13,0
3123,34,7,2,71,0,27,0
3124,22,2,4,5,0,26,0
3125,29,10,3,5,0,19,0
3126,11,0,2,5,1,13,0
3127,44,2,2,5,0,21,0
3128,20,15,4,30,0,17,0
3129,23,5,3,5,0,18,0
3130,23,38,3,6,0,21,0
3131,1,36,4,397,0,34,0
3132,20,4,3,5,0,22,0
3133,2,0,5,1,1,32,0
3134,19,0,2,5,0,22,0
3135,20,12,3,11,0,25,0
3136,9,10,3,10,0,21,0
3137,34,2,5,5,0,38,0
3138,22,6,5,5,0,24,0
3139,16,0,3,5,1,19,0
3140,4,1,3,5,0,48,0
3141,2,46,4,3,0,26,0
3142,17,12,3,12,0,17,0
3143,4,10,3,2,0,22,0
3144,39,1,2,5,0,24,0
3145,28,1,6,1,1,27,1
3146,21,18,3,3,0,29,0
3147,18,12,3,7,0,21,1
3148,6,0,4,5,1,24,0
3149,14,6,4,5,0,18,0
3150,5,1,3,1,0,21,0
3151,4,9,2,26,0,49,0
3152,15,0,3,3,0,16,1
3153,3,0,3,5,1,28,0
3154,22,14,8,10,0,32,0
3155,7,0,3,5,0,18,0
3156,11,0,2,5,1,20,0
3157,24,1,3,5,0,14,0
3158,34,3,5,5,0,21,0
3159,7,0,4,5,0,28,0
3160,5,6,5,4,1,73,0
3161,1,3,7,5,0,24,0
3162,14,2,4,12,1,22,0
3163,6,0,2,5,0,14,0
3164,20,0,2,5,0,38,0
3165,36,4,4,5,0,23,0
3166,6,0,3,5,0,27,0
3167,3,0,4,5,0,36,0
3168,33,1,2,4,0,28,0
3169,12,14,5,3,0,20,1
3170,5,0,5,5,0,18,0
3171,12,1,3,4,0,37,0
3172,4,0,3,5,0,17,0
3173,25,17,4,11,0,47,1
3174,7,0,3,5,0,18,0
3175,7,0,4,5,0,22,0
3176,28,1,3,2,0,37,0
3177,21,2108,4,32,0,20,0
3178,29,0,2,5,0,42,0
3179,18,162,4,2,0,37,0
3180,23,4,3,5,0,14,0
3181,1,85,2,14,0,30,0
3182,12,8,3,5,0,47,1
3183,24,199,5,5,0,16,1
3184,17,1,3,5,0,20,0
3185,8,0,2,5,0,14,0
3186,14,139,2,21,0,15,0
3187,5,0,6,5,0,52,0
3188,13,330,2,7,0,42,0
3189,5,0,3,5,0,19,0
3190,1,0,3,5,0,21,0
3191,7,11,3,39,0,21,0
3192,19,600,4,21,0,15,0
3193,8,2,4,11,0,18,0
3194,5,1,3,5,0,24,0
3195,5,10,3,2,0,20,0
3196,19,7,2,5,0,13,0
3197,33,0,4,5,1,15,0
3198,12,1,7,1,0,42,1
3199,19,1,3,5,0,33,0
3200,1,0,3,5,0,30,0
3201,17,0,2,5,0,21,0
3202,6,2,4,5,0,14,0
3203,15,0,3,5,0,22,0
3204,8,0,2,5,0,21,1
3205,16,6,6,35,0,21,0
3206,30,1,3,5,0,43,0
3207,4,0,3,5,0,24,0
3208,9,3,3,10,0,39,0
3209,13,0,3,1,0,17,0
3210,9,6,5,14,0,47,0
3211,25,0,3,2,0,15,0
3212,30,4,4,1,0,24,0
3213,20,4,5,5,0,28,0
3214,40,0,3,5,0,19,0
3215,45,5,8,5,0,41,1
3216,13,13,3,1,0,25,0
3217,4,0,4,1,0,18,0
3218,4,154,3,9,0,20,0
3219,20,0,3,5,0,22,0
3220,25,0,3,5,0,19,0
3221,28,0,3,5,0,32,0
3222,9,0,3,5,1,21,0
3223,50,221,4,5,0,20,0
3224,7,0,3,3,0,19,0
3225,32,45,3,15,0,22,0
3226,4,0,6,4,0,25,0
3227,14,2,3,5,1,21,0
3228,15,0,4,5,0,24,1
3229,5,380,5,46,1,27,0
3230,27,4,3,5,0,14,0
3231,19,11,3,81,0,25,0
3232,29,2,3,1,1,40,0
3233,1,2,4,5,0,20,0
3234,26,33,5,1,0,24,0
3235,3,0,3,2,0,19,0
3236,25,4,3,5,0,21,0
3237,1,5,4,1,0,16,0
3238,1,0,4,5,0,25,0
3239,29,4,3,6,0,19,0
3240,7,0,3,5,0,25,0
3241,1,14,4,5,0,27,0
3242,35,136,3,7,1,18,0
3243,9,5,6,4,0,22,1
3244,11,0,3,3,0,40,0
3245,34,16,4,9,0,16,0
3246,3,1,2,1,0,16,0
3247,5,2,2,2,0,21,0
3248,10,59,6,22,1,46,0
3249,10,123,4,23,0,30,0
3250,8,0,3,5,0,59,0
3251,19,16,5,3,0,27,0
3252,18,0,5,1,0,43,0
3253,36,1,5,5,0,16,0
3254,14,0,3,5,0,20,0
3255,33,12,5,12,1,28,0
3256,13,0,3,1,0,24,0
3257,6,1,2,5,0,35,0
3258,20,143,6,11,0,17,0
3259,11,0,2,1,0,22,0
3260,28,0,5,5,0,20,0
3261,2,2,4,1,0,14,0
3262,1,0,3,5,0,31,0
3263,13,119,3,5,0,14,0
3264,29,2,8,5,0,29,1
3265,14,0,2,5,0,20,0
3266,20,2,3,5,0,22,0
3267,19,0,5,1,1,35,0
3268,12,21,2,88,0,13,0
3269,25,15,4,18,0,18,0
3270,23,1,3,5,0,18,0
3271,14,1,4,5,0,21,0
3272,5,2,3,2,0,21,0
3273,15,1,3,3,0,41,0
3274,3,3,4,4,0,16,0
3275,17,3,7,20,0,33,0
3276,4,0,5,4,0,111,0
3277,7,0,3,5,0,51,0
3278,13,2,5,29,1,21,0
3279,16,3,3,1,0,24,0
3280,8,0,3,5,0,19,0
3281,4,3,5,2,0,27,1
3282,29,1,5,5,0,38,1
3283,5,0,4,5,0,28,0
3284,15,9,2,7,0,17,0
3285,22,21,6,18,0,29,0
3286,2,0,4,5,0,27,0
3287,39,1,2,5,0,22,0
3288,27,4,3,3,0,31,0
3289,1,7,2,2,0,62,0
3290,7,0,4,5,0,26,0
3291,24,4,3,2,0,14,0
3292,1,0,5,5,0,18,0
3293,24,1,2,5,0,22,0
3294,11,0,3,2,0,21,0
3295,5,1,3,1,0,14,0
3296,2,6,5,5,0,18,0
3297,32,5,4,3,0,22,1
3298,22,0,3,1,1,35,0
3299,4,106,5,9,0,18,0
3300,39,2,3,5,0,108,0
3301,1,0,3,5,1,18,0
3302,15,66,4,22,1,17,0
3303,4,0,5,5,1,29,0
3304,1,1,3,11,1,21,0
3305,15,0,4,5,0,36,1
3306,6,4,4,5,0,22,0
3307,15,18,3,53,1,17,0
3308,9,0,4,2,0,21,0
3309,44,0,7,5,0,42,0
3310,11,93,3,33,0,16,0
3311,4,1,3,1,0,15,0
3312,1,5,8,1,1,29,0
3313,8,120,5,11,0,16,0
3314,21,4,5,5,0,37,0
3315,14,0,3,5,1,21,0
3316,23,2,3,1,1,32,0
3317,11,12,3,12,0,23,0
3318,23,4,4,5,0,23,0
3319,32,25,3,63,0,17,0
3320,5,0,3,5,0,18,0
3321,9,7,4,5,0,24,0
3322,13,2,4,1,0,27,0
3323,10,0,3,1,0,23,0
3324,13,2,3,8,0,29,0
3325,19,88,3,42,0,17,0
3326,22,1,5,5,0,30,0
3327,18,0,3,3,0,15,0
3328,6,5,5,10,0,41,0
3329,2,0,6,5,0,27,0
3330,23,1,3,4,0,22,0
3331,35,1,3,1,0,20,0
3332,4,126,2,47,0,21,0
3333,15,8,3,2,0,15,0
3334,24,14,5,4,0,22,0
3335,25,0,4,5,0,43,0
3336,2,1,4,5,0,24,0
3337,17,5,3,5,0,22,0
3338,15,0,4,5,0,22,0
3339,16,20,4,17,0,19,0
3340,3,3,6,14,0,41,0
3341,21,566,3,19,0,42,0
3342,23,8,4,7,0,21,0
3343,10,0,3,5,0,19,0
3344,12,0,5,5,0,34,1
3345,17,8,3,3,0,20,0
3346,31,4,2,1,0,15,0
3347,22,27,4,47,0,22,0
3348,14,2,3,5,0,17,0
3349,26,5,3,5,0,19,0
3350,18,0,3,5,0,22,0
3351,15,13,6,7,0,22,0
3352,16,5,3,3,0,18,0
3353,17,4,3,2,1,18,0
3354,25,1,3,4,0,24,1
3355,10,4,4,5,1,20,0
3356,1,95,3,52,0,21,0
3357,18,4,3,9,0,38,0
3358,5,1,3,2,0,19,0
3359,28,26,3,5,0,21,0
3360,22,3,5,1,0,22,0
3361,18,1,4,20,0,17,0
3362,22,23,3,25,0,21,1
3363,25,10,3,3,0,19,0
3364,13,0,4,5,0,24,0
3365,23,1,3,5,0,15,0
3366,17,14,4,4,0,17,0
3367,13,49,3,11,0,20,0
3368,3,8,3,2,0,19,0
3369,16,0,3,5,0,20,0
3370,7,0,3,5,0,28,0
3371,6,0,5,8,0,24,0
3372,24,1,5,1,0,21,0
3373,49,5,4,5,0,35,0
3374,21,2,3,5,0,18,0
3375,23,1,3,5,1,20,0
3376,8,15,4,1,0,25,0
3377,9,7,3,5,0,22,0
3378,1,0,3,5,0,14,0
3379,23,3,8,5,0,28,0
3380,17,3,3,5,0,21,0
3381,24,10,5,1,0,22,0
3382,1,11,3,5,0,15,0
3383,2,0,4,5,1,19,0
3384,30,1,6,1,0,40,0
3385,9,1,3,5,0,17,0
3386,1,8,3,5,0,18,0
3387,9,6,4,10,0,35,0
3388,17,4,5,6,0,20,0
3389,43,7,5,4,0,28,0
3390,21,35,4,19,0,21,0
3391,11,0,7,2,0,27,0
3392,3,0,2,2,0,19,0
3393,28,7,4,19,0,15,0
3394,27,0,3,5,0,23,0
3395,26,0,3,5,0,21,0
3396,3,0,4,5,0,22,0
3397,13,9,4,15,0,20,0
3398,21,0,4,5,1,14,0
3399,7,0,5,1,1,22,0
3400,4,2,3,5,1,26,1
3401,29,3,5,5,1,25,0
3402,18,0,2,5,1,21,0
3403,16,12,4,5,1,110,0
3404,1,365,3,11,0,24,0
3405,20,2,4,5,0,25,0
3406,20,2,8,5,0,26,1
3407,50,9,3,5,0,22,0
3408,14,194,2,1,0,21,0
3409,11,3,3,5,0,25,0
3410,42,1,6,5,0,24,1
3411,20,1,3,1,0,27,0
3412,2,0,5,1,0,32,0
3413,11,0,3,5,0,19,0
3414,2,69,2,82,0,18,0
3415,25,4,2,2,1,21,1
3416,8,1,3,3,0,22,0
3417,13,10,3,5,0,28,0
3418,6,5,5,5,0,20,0
3419,16,253,4,68,0,16,0
3420,7,12,3,5,0,18,0
3421,19,1,3,1,0,21,1
3422,33,0,3,5,0,22,0
3423,10,0,2,1,0,21,0
3424,22,1,2,5,0,21,0
3425,16,1,2,4,0,14,1
3426,22,13,3,11,1,23,0
3427,35,3,2,5,0,14,1
3428,9,1,3,10,0,15,0
3429,23,4,2,2,0,21,0
3430,36,1,2,5,0,50,0
3431,9,0,6,5,1,25,0
3432,47,0,3,2,0,20,0
3433,47,53,3,5,0,53,0
3434,7,3,3,5,0,31,0
3435,4,0,3,5,0,18,0
3436,29,599,6,76,0,22,0
3437,3,5,3,9,0,27,0
3438,10,0,2,5,0,29,0
3439,2,0,4,5,0,25,0
3440,38,8,7,10,0,27,0
3441,7,1,3,5,0,23,0
3442,35,1,4,31,0,42,0
3443,17,4,3,1,0,25,0
3444,29,0,4,2,0,21,0
3445,21,0,3,5,0,18,0
3446,41,22,3,5,0,23,0
3447,14,5,2,4,0,21,0
3448,18,1,3,1,0,27,0
3449,8,1,3,5,0,16,0
3450,2,0,7,5,0,23,1
3451,22,0,6,1,0,31,0
3452,12,35,2,72,0,15,0
3453,7,42,2,5,0,14,0
3454,1,19,3,9,0,15,0
3455,25,0,2,5,0,47,0
3456,4,0,3,5,0,24,0
3457,14,39,3,21,0,22,0
3458,4,1,2,5,0,19,0
3459,9,0,3,5,0,31,0
3460,28,20,2,5,0,31,0
3461,5,3,3,4,1,22,0
3462,4,4,3,5,0,111,1
3463,37,0,3,5,0,13,0
3464,15,2,4,7,0,23,1
3465,4,28,4,23,1,15,0
3466,23,0,5,3,0,33,0
3467,5,0,6,5,0,38,0
3468,27,220,4,30,0,18,0
